id,author,birthDate,deathDate,gender,birthPlace,last,first
148,夏目漱石,1867-02-09,1916-12-09,male,喜久井町,Natsume,Soseki
81,宮沢賢治,1896-08-27,1933-09-21,male,花巻川口町,Miyazawa,Kenji
35,太宰治,1909-06-19,1948-06-13,male,金木町,Dazai,Osamu
119,中島敦,1909-05-05,1942-12-04,male,四谷区,Nakajima,Atsushi
96,夢野久作,1889-01-04,1936-03-11,male,福岡市,Yumeno,Kyusaku
879,芥川竜之介,1892-03-01,1927-07-24,male,Tokyo,Akutagawa,Ryunosuke
196,鴨長明,1153-00-00,1216-00-00,male,平安京,Kamo,Chomei
74,梶井基次郎,1901-02-17,1932-03-24,male,大阪市,Kajii,Motojiro
296,福沢諭吉,1835-01-10,1901-02-03,male,Dōjima,Fukuzawa,Yukichi
156,小林多喜二,1903-10-13,1933-02-20,male,大館市,Kobayashi,Takiji
31,葉山嘉樹,1894-03-12,1945-10-18,male,豊津町,Hayama,Yoshiki
129,森鴎外,1862-02-17,1922-07-09,male,Tsuwano,Mori,Ogai
121,新美南吉,1913-07-30,1943-03-22,male,半田市,Niimi,Nankichi
1162,秋田滋,1908-07-05,1943-10-15,,,Akita,Shigeru
1168,高村光太郎,1883-03-13,1956-04-02,male,下谷区,Takamura,Kotaro
153,石川啄木,1886-02-20,1912-04-13,male,盛岡市,Ishikawa,Takuboku
155,紀貫之,870-00-00,1902-08-02,male,平安京,Kino,Tsurayuki
1095,坂口安吾,1906-10-20,1955-02-17,male,新潟市,Sakaguchi,Ango
231,伊丹万作,1900-01-02,1946-09-21,male,松山市,Itami,Mansaku
67,萩原朔太郎,1886-11-01,1942-05-11,male,北曲輪町,Hagiwara,Sakutaro
1030,堀辰雄,1904-12-28,1953-05-28,male,平河町,Hori,Tatsuo
26,中原中也,1907-04-29,1937-10-22,male,下宇野令村,Nakahara,Chuya
914,ディケンズチャールズ,1812-02-07,1870-06-09,male,Landport,Dickens,Charles
1128,文部省,,,unknown,,Monbusho,
1566,柳田国男,1875-07-31,1962-08-08,male,Fukusaki,Yanagita,Kunio
1235,カフカフランツ,1883-07-03,1924-06-03,male,Prague,Kafka,Franz
183,牧野信一,1896-11-12,1936-03-24,male,小田原町,Makino,Shin'ichi
64,樋口一葉,1872-05-02,1896-11-23,female,東京,Higuchi,Ichiyo
1092,グリムヴィルヘルム・カール,1786-02-24,1859-12-16,male,Hanau,Grimm,Wilhelm Carl
1091,グリムヤーコプ・ルートヴィッヒ・カール,1785-01-04,1863-09-20,male,Hanau,Grimm,Jacob Ludwig Carl
1124,魯迅,1881-09-25,1936-10-19,male,Shaoxing,Lu Xun,
125,小栗虫太郎,1901-03-14,1946-02-10,male,東京都,Oguri,Mushitaro
19,アンデルセンハンス・クリスチャン,1805-04-02,1875-08-04,male,Odense,Andersen,Hans Christian
94,ポーエドガー・アラン,1809-01-19,1849-10-07,male,Boston,Poe,Edgar Allan
912,スウィフトジョナサン,1667-11-30,1745-10-19,male,Dublin,Swift,Jonathan
158,島崎藤村,1872-03-25,1943-08-22,male,馬籠宿,Shimazaki,Toson
214,田山花袋,1872-01-22,1930-05-13,male,館林市,Tayama,Katai
9,ドイルアーサー・コナン,1859-05-22,1930-07-07,male,Edinburgh,Doyle,Arthur Conan
1779,江戸川乱歩,1894-10-21,1965-07-28,male,名張市,Edogawa,Ranpo
888,スティーブンソンロバート・ルイス,1850-11-13,1894-12-03,male,Edinburgh,Stevenson,Robert Louis
58,伊藤左千夫,1864-09-18,1913-07-30,male,上総国,Ito,Sachio
329,楠山正雄,1884-11-04,1950-11-26,male,東京都,Kusuyama,Masao
91,尾崎紅葉,1868-01-10,1903-10-30,male,芝,Ozaki,Koyo
363,ドストエフスキーフィヨードル・ミハイロヴィチ,1821-11-11,1881-02-09,male,Mariinsky Hospital for the Poor,Dostoevskii,Fedor Mikhailovich
25,有島武郎,1878-03-04,1923-06-09,male,東京,Arishima,Takeo
908,坂本竜馬,1836-01-03,1867-12-10,male,Tosa Province,Sakamoto,Ryoma
1518,太安万侶,,0723-08-15,male,,oono,yasumaro
1519,稗田阿礼,0700-01-01,0800-01-01,male,,hieda,are
42,寺田寅彦,1878-11-28,1935-12-31,male,麹町区,Terada,Torahiko
52,紫式部,0973-00-00,1014-00-00,female,Heian-kyō,Murasaki Shikibu,
50,泉鏡花,1873-11-04,1939-09-07,male,金沢市,Izumi,Kyoka
65,九鬼周造,1888-02-15,1941-05-06,male,東京,Kuki,Shuzo
107,鈴木三重吉,1882-09-29,1936-06-27,male,広島市,Suzuki,Miekichi
195,尾崎放哉,1885-01-20,1926-04-07,male,鳥取県,Ozaki,Hosai
38,国木田独歩,1871-08-30,1908-06-23,male,銚子市,Kunikida,Doppo
218,三木清,1897-01-05,1945-09-26,male,兵庫県,Miki,Kiyoshi
6,二葉亭四迷,1864-04-04,1909-05-10,male,合羽坂,Futabatei,Shimei
83,菊池寛,1888-12-26,1948-03-06,male,高松市,Kikuchi,Kan
230,石原莞爾,1889-01-18,1949-08-15,male,鶴岡市,Ishiwara,Kanji
361,トルストイレオ,1828-00-00,1910-00-00,male,Yasnaya Polyana,Tolstoi,Lev
1383,谷崎潤一郎,1886-07-24,1965-07-30,male,日本橋区,Tanizaki,Jun'ichiro
20,渡辺温,1902-08-26,1930-02-10,male,北海道,Watanabe,On
1090,オルコットルイーザ・メイ,1832-11-29,1888-03-06,female,Germantown,Alcott,Louisa May
1475,小川未明,1882-04-07,1961-05-11,male,新潟県,Ogawa,Mimei
258,小泉八雲,1850-06-27,1904-09-26,male,Lefkada,Koizumi,Yakumo
1347,岡倉覚三,1863-02-14,1913-09-02,male,Yokohama,Okakura,Kakuzo
238,岡倉天心,1863-02-14,1913-09-02,male,横浜市,Okakura,Tenshin
179,黒岩涙香,1862-11-20,1920-10-06,male,川北村,Kuroiwa,Ruiko
961,ダンテアリギエリ,1265-00-00,1321-00-00,male,Florence,Dante,Alighieri
1234,愛知敬一,1880-07-25,1923-06-23,male,東京,Aichi,Keiichi
1097,下村湖人,1884-10-03,1955-04-20,male,,Shimomura,Kojin
51,幸田露伴,1867-08-20,1947-07-30,male,東京,Koda,Rohan
924,永井隆,1908-02-03,1951-05-01,unknown,,Nagai,Takashi
235,上田敏,1874-10-30,1916-07-09,male,Tokyo,Ueda,Bin
1176,シェリーメアリー・ウォルストンクラフト,1797-08-30,1851-02-01,female,Somers Town,Shelley,Mary Wollstonecraft
168,横光利一,1898-03-17,1947-12-30,male,会津若松市,Yokomitsu,Riichi
160,海野十三,1897-12-26,1949-05-17,male,徳島市,Unno,Juza
280,徳冨蘆花,1868-12-08,1927-09-18,male,水俣市,Tokutomi,Roka
1121,ルブランモーリス,1864-11-11,1941-11-06,male,Rouen,Leblanc,Maurice
1094,ユゴーヴィクトル,1802-02-26,1885-05-22,male,Besançon,Hugo,Victor
269,高神覚昇,1894-00-00,1948-00-00,,,Takagami,Kakusho
13,八木重吉,1898-02-09,1927-10-26,male,多摩地域,Yagi,Jukichi
264,シェークスピアウィリアム,1546-00-00,1616-00-00,male,Stratford-upon-Avon,Shakespeare,William
1529,作者不詳,,,unknown,,Sakushafusho,
575,佐藤紅緑,1874-07-06,1949-06-03,male,親方町,Sato,Koroku
933,折口信夫,1887-02-11,1953-09-03,male,大阪市,Orikuchi,Shinobu
140,テニソンアルフレッド,1809-08-06,1892-10-06,male,Somersby,Tennyson,Alfred
1048,アミーチスエドモンド・デ,1846-10-31,1908-03-11,male,Oneglia,Amicis,Edmondo De
40,織田作之助,1913-10-26,1947-01-10,male,大阪市,Oda,Sakunosuke
76,岡本かの子,1889-03-01,1939-02-18,female,赤坂,Okamoto,Kanoko
245,加藤文太郎,1905-03-11,1936-01-05,male,兵庫県,Kato,Buntaro
1120,須川邦彦,1880-00-00,1949-00-00,male,,Sugawa,Kunihiko
1562,吉川英治,1892-08-11,1962-09-07,male,横浜市,Yoshikawa,Eiji
288,ハイヤームオマル,1048-00-00,1131-00-00,male,Nishapur,Khayyam,Umar
1045,バーネットフランシス・ホジソン・エリザ,1849-11-24,1924-10-29,female,Manchester,Burnett,Frances Eliza Hodgson
182,西田幾多郎,1870-06-17,1945-06-07,male,かほく市,Nishida,Kitaro
291,林芙美子,1903-12-31,1951-06-28,female,下関市,Hayashi,Fumiko
305,正岡子規,1867-10-14,1902-09-19,male,松山市,Masaoka,Shiki
106,北原白秋,1885-01-25,1942-11-02,male,南関町,Kitahara,Hakushu
5,ツルゲーネフイワン,1818-11-09,1883-09-03,male,Oryol,Turgenev,Ivan
885,与謝野晶子,1878-12-07,1942-05-29,female,堺市,Yosano,Akiko
283,中里介山,1885-04-04,1944-04-28,male,羽村市,Nakazato,Kaizan
1296,ランボージャン・ニコラ・アルチュール,1854-10-20,1891-11-10,male,Charleville,Rimbaud,Jean Nicolas Arthur
1266,牧野富太郎,1862-05-22,1957-01-18,male,佐川町,Makino,Tomitaro
1134,ペローシャルル,1628-01-12,1703-05-16,male,Paris,Perrault,Charles
1059,斎藤茂吉,1882-5-14,1953-2-25,male,上山市,Saito,Mokichi
250,河上肇,1879-10-20,1946-01-30,male,山口県,Kawakami,Hajime
1053,峠三吉,1917-02-19,1953-03-10,male,大阪市,Toge,Sankichi
1404,河口慧海,1866-02-26,1945-02-24,male,堺市,Kwaguchi,Ekai
118,長塚節,1879-04-03,1915-02-08,male,茨城県,Nagatsuka,Takashi
1072,和田万吉,1865-10-07,1934-11-21,male,大垣市,Wada,Mankichi
1395,和辻哲郎,1889-03-01,1960-12-26,male,姫路市,Watsuji,Tetsuro
1044,ド・ラ・ラメーマリー・ルイーズ,1839-01-01,1908-01-25,female,Bury St Edmunds,de la Ramee,Marie Louise
126,田中英光,1913-01-10,1949-11-03,male,東京,Tanaka,Hidemitsu
14,村山槐多,1896-09-15,1919-02-20,male,額田郡,Murayama,Kaita
256,倉田百三,1891-02-23,1943-02-12,male,庄原市,Kurata,Hyakuzo
1341,永井荷風,1879-12-03,1959-04-30,male,東京,Nagai,Kafu
293,原民喜,1905-11-15,1951-03-13,male,広島市,Hara,Tamiki
372,桑原隲蔵,1871-01-27,1931-05-24,male,敦賀市,Kuwabara,Jitsuzo
34,内村鑑三,1861-03-26,1930-03-28,male,小石川,Uchimura,Kanzo
1028,イプセンヘンリック,1828-03-20,1906-05-23,male,Stockmanngården,Ibsen,Henrik
311,宮本百合子,1899-02-13,1951-01-21,female,小石川区,Miyamoto,Yuriko
82,岡本綺堂,1872-11-15,1939-03-01,male,高輪,Okamoto,Kido
1245,会津八一,1881-08-01,1956-11-21,male,新潟市,Aizu,Yaichi
1029,デカルトルネ,1596-00-00,1650-00-00,male,Descartes,Descartes,Rene
1025,ゲーテヨハン・ヴォルフガング・フォン,1749-08-28,1832-03-22,male,Frankfurt,Goethe,Johann Wolfgang von
1403,北大路魯山人,1883-03-23,1959-12-21,male,京都市,Kitaoji,Rosanjin
93,南方熊楠,1867-05-18,1941-12-29,male,和歌山市,Minakata,Kumagusu
1034,浅野和三郎,1874-08,1937-02-03,male,源清田村 ( -1889),Asano,Wasaburo
1465,東健而,1889-00-00,1933-00-00,male,,Azuma,Kenji
146,種田山頭火,1882-12-03,1940-10-11,male,防府市,Taneda,Santoka
1839,荒木光二郎,,,,,Araki,Kojiro
1264,榎本武揚,1836-10-05,1908-10-26,male,御徒町,Enomoto,Takeaki
354,勝海舟,1823-03-12,1899-01-19,male,両国,Katsu,Kaishu
535,桐生悠々,1873-05-20,1941-09-10,male,金沢市,Kiryu,Yuyu
1257,アーヴィングワシントン,1783-04-03,1859-11-28,male,New York City,Irving,Washington
718,新渡戸稲造,1862-09-01,1933-10-16,male,盛岡市,Nitobe,Inazo
903,モーパッサンギ・ド,1850-08-05,1893-07-06,male,Dieppe,Maupassant,Guy De
226,アレニウススヴァンテ,1859-02-19,1927-10-02,male,Wik Castle,Arrhenius,Svante
969,杉山萠円,1889-01-04,1936-03-11,,,Sugiyama,Hoen
124,小熊秀雄,1901-09-09,1940-11-20,male,小樽市,Oguma,Hideo
1155,チェーホフアントン,1860-01-17,1904-07-02,male,Taganrog,Chekhov,Anton
1843,アレンリリー・Ｌ,1867-12-30,1952-02-14,female,,Allen,Lily L.
216,直木三十五,1891-02-12,1934-02-24,male,大阪市,Naoki,Sanjugo
154,田中貢太郎,1880-03-02,1941-02-01,male,日本,Tanaka,Kotaro
279,徳冨健次郎,1868-12-08,1927-09-18,male,Minamata,Tokutomi,Kenjiro
997,北条民雄,1914-09-22,1937-12-05,male,京城府,Hojo,Tamio
1216,井原西鶴,1642-00-00,1693-09-09,male,中津村,Ihara,Saikaku
286,野口雨情,1882-05-29,1945-01-27,male,Isohara,Noguchi,Ujo
1579,室生犀星,1889-08-01,1962-03-26,male,金沢市,Murou,Saisei
1093,ロランロマン,1866-01-29,1944-12-30,male,Clamecy,Rolland,Romain
1189,ジェファーソントマス,1743-04-13,1826-07-04,male,Shadwell,Jefferson,Thomas
1430,ウェルズハーバート・ジョージ,1866-09-21,1946-08-13,male,Bromley,Wells,Herbert George
1320,西郷隆盛,1828-01-23,1877-09-24,male,加治屋町,Saigo,Takamori
57,福田英子,1865-11-22,1927-05-02,female,備前国,Fukuda,Hideko
1085,イエイツウィリアム・バトラー,1865-06-13,1939-01-28,male,Sandymount,Yeats,William Butler
1380,石川欣一,1895-03-17,1959-08-04,unknown,,Ishikawa,Kinichi
207,ゴーゴリニコライ,1809-03-12,1852-02-21,male,Velyki Sorochyntsi,Gogol,Nikolai
1528,日本国,,,unknown,,Nihonkoku,
1224,久生十蘭,1902-04-06,1957-10-06,male,函館市,Hisao,Juran
906,豊島与志雄,1890-11-27,1955-06-18,male,福岡県,Toyoshima,Yoshio
968,かぐつちみどり,1889-01-04,1936-03-11,,,Kagutsuchi,Midori
1351,池田蕉園,1886-05-13,1917-12-01,female,神田区,Ikeda,Shoen
351,増田雅子,1880-05-06,1946-09-02,,,Masuda,Masako
318,山川登美子,1879-07-19,1909-04-15,female,遠敷郡,Yamakawa,Tomiko
1099,ホーマー,,,unknown,,Homer,
1160,池田菊苗,1864-00-00,1936-05-03,male,京都市,Ikeda,Kikunae
1159,佐野昌一,1897-12-26,1949-05-17,male,Tokushima,Sano,Shoichi
1421,阿部次郎,1883-08-27,1959-10-20,male,,Abe,Jiro
11,立原道造,1914-07-30,1939-03-29,male,東京,Tachihara,Michizo
1869,山本周五郎,1903-06-22,1967-02-14,male,大月市,Yamamoto,Shugoro
827,森本薫,1912-06-04,1946-10-06,male,東淀川区,Morimoto,Kaoru
966,海若藍平,1889-01-04,1936-03-11,,,Kaijaku,Ranpei
1119,岩波茂雄,1881-08-27,1946-04-25,male,諏訪市,Iwanami,Shigeo
1569,中谷宇吉郎,1900-07-04,1962-04-11,male,加賀市,Nakaya,Ukichiro
1049,ファーブルジャン・アンリ,1823-12-23,1915-10-11,male,Saint-Léons,Fabre,Jean Henri
281,戸坂潤,1900-09-27,1945-08-09,male,東京,Tosaka,Jun
1734,石波杏,1982-00-00,,,,Ishinami,Kyo
157,北村透谷,1868-12-29,1894-05-16,male,小田原町,Kitamura,Tokoku
989,三遊亭円朝,1839-05-13,1900-08-11,male,Edo,San'yutei,Encho
1477,陳寿,233-00-00,297-00-00,male,Baxi Jun,Chen,Shou
1429,石原純,1881-1-15,1947-1-19,male,東京,Ishiwara,Atsushi
726,長谷川時雨,1879-10-01,1941-08-22,female,東京,Hasegawa,Shigure
1011,波多野精一,1877-07-21,1950-01-17,male,松本市,Hatano,Seiichi
886,泉鏡太郎,1873-11-04,1939-09-07,male,Kanazawa,Izumi,Kyotaro
981,巌谷小波,1870-07-04,1933-09-05,male,Kōjimachi-ku,Iwaya,Sazanami
136,山村暮鳥,1884-01-10,1924-12-08,male,長岡市,Yamamura,Bocho
261,幸徳秋水,1871-11-05,1911-01-24,male,中村市,Kotoku,Shusui
284,内藤湖南,1866-08-26,1934-06-26,male,毛馬内町,Naito,Konan
1875,壺井栄,1899-08-05,1967-06-23,female,小豆島町,Tsuboi,Sakae
649,田中正造,1841-12-15,1913-09-04,male,佐野市,Tanaka,Shozo
355,上村松園,1875-04-23,1949-08-27,female,京都市,Uemura,Shoen
1277,ガンジーマハトマ,1869-10-02,1948-01-30,male,Porbandar,Gandhi,Mahatma
1311,三好十郎,1902-04-21,1958-12-16,male,佐賀市,Miyoshi,Juro
259,小出楢重,1887-10-13,1931-02-13,male,大阪市,Koide,Narashige
190,大手拓次,1887-12-03,1934-04-18,male,,Ote,Takuji
506,河合栄治郎,1891-02-13,1944-02-15,male,東京都,Kawai,Eijiro
1749,三好達治,1900-08-23,1964-04-05,male,西区,Miyoshi,Tatsuji
1047,マロエクトール・アンリ,1830-05-20,1907-07-17,male,La Bouille,Malot,Hector Henri
1021,井上円了,1858-03-18,1919-06-06,male,来迎寺村,Inoue,Enryo
595,島田清次郎,1899-02-26,1930-04-29,male,白山市,Shimada,Seijiro
1052,久坂葉子,1931-03-27,1952-12-31,female,神戸市,Kusaka,Yoko
1541,高山毅,1911-08-01,1961-10-28,,,Takayama,Tsuyoshi
1558,古川緑波,1903-08-13,1961-01-16,male,Kōjimachi-ku,Furukawa,Roppa
23,徳田秋声,1872-02-01,1943-11-18,male,金沢市,Tokuda,Shusei
1312,木村荘八,1893-08-21,1958-11-18,male,東京都,Kimura,Shohachi
77,押川春浪,1876-03-21,1914-11-16,male,松山市,Oshikawa,Shunro
1416,田山録弥,1872-01-22,1930-05-13,male,Tatebayashi,Tayama,Rokuya
1398,高木貞治,1875-04-21,1960-02-28,male,春日村,Takagi,Teiji
1088,プーシキンアレクサンドル・セルゲーヴィチ,1799-05-26,1837-01-17,male,Moscow,Pushkin,Aleksandr Sergeevich
61,橋本進吉,1882-12-24,1945-01-30,male,敦賀市,Hashimoto,Shinkichi
1536,桂三木助,1902-03-28,1961-01-16,unknown,,Katsura,Mikisuke
169,大杉栄,1885-01-17,1923-09-16,male,丸亀市,Osugi,Sakae
1570,小倉金之助,1885-03-14,1962-10-21,male,山形県,ogura,kinnosuke
967,香倶土三鳥,1889-01-04,1936-03-11,,,Kagutsuchi,Midori
984,葛西善蔵,1887-01-16,1928-07-23,male,弘前市,Kasai,Zenzo
8,島木健作,1903-09-07,1945-08-17,male,札幌市,Shimaki,Kensaku
89,北一輝,1883-04-03,1937-08-19,male,加茂郡,Kita,Ikki
271,高山樗牛,1871-02-28,1902-12-24,male,鶴岡市,Takayama,Chogyu
1293,小野佐世男,1905-02-06,1954-02-01,male,横浜市,Ono,Saseo
227,生田春月,1892-03-12,1930-05-19,male,,Ikuta,Shungetsu
1520,柳宗悦,1889-03-21,1961-05-03,male,東京都,Yanagi,Muneyoshi
224,小泉節子,1868-02-04,1932-02-18,female,,Koizumi,Setsuko
301,穂積陳重,1855-08-23,1926-04-07,male,宇和島市,Hozumi,Nobushige
1156,ルナールジュール,1864-02-22,1910-05-22,male,Châlons-du-Maine,Renard,Jules
922,末弘厳太郎,1888-11-30,1951-09-11,male,山口県,Suehiro,Izutaro
1364,ニューコムシモン,1835-00-00,1909-00-00,male,Nova Scotia,Newcomb,Simon
1242,坪井正五郎,1863-02-22,1913-05-26,male,江戸,Tsuboi,Shogoro
1065,高田力,,1950-00-00,,,Takata,Tsutomu
1081,土井晩翠,1871-12-05,1952-10-19,male,仙台市,Doi,Bansui
1584,秋田雨雀,1883-01-30,1962-05-12,male,青森県,Akita,Ujyaku
1217,ヴァレリーポール,1871-10-30,1945-07-20,male,Sète,Valery,Paul
564,斎藤秀三郎,1866-02-16,1929-11-09,male,仙台市,Saito,Hidesaburo
416,伊藤野枝,1895-01-21,1923-09-16,female,福岡市,Ito,Noe
1581,正宗白鳥,1879-03-03,1962-10-28,male,備前市,Masamune,Hakucho
1695,飯田蛇笏,1885-04-26,1962-10-03,male,五成村,Iida,Dakotsu
1305,羽志主水,1884-06-03,1957-02-26,male,長野市,hashi,mondo
63,宮武外骨,1867-02-22,1955-07-28,male,讃岐国,Miyatake,Gaikotsu
270,高村光雲,1852-03-08,1934-10-10,male,Shitaya,Takamura,Koun
748,平田晋策,1904-03-06,1936-01-28,,,Hirata,Shinsaku
1310,高浜虚子,1874-02-22,1959-04-08,male,松山市,Takahama,Kyoshi
1331,秋月種樹,1833-11-28,1904-10-17,male,,Akizuki,Tanetatsu
1332,佐藤一斎,1772-11-14,1859-10-19,male,日本橋浜町,Sato,Issai
1166,中井正一,1900-02-14,1952-05-18,male,広島県,Nakai,Masakazu
1568,妹尾アキ夫,1892-03-04,1962-04-19,male,Tsuyama,Senoo,Akio
1313,正岡容,1904-12-20,1958-12-07,male,東京都,Masaoka,Iruru
1344,喜田貞吉,1871-07-11,1939-07-03,male,櫛渕町,Kita,Sadakichi
1648,土谷麓,1914-03-30,1962-09-03,,,Tsuchiya,Fumoto
340,ガールシンフセヴォロド・ミハイロヴィチ,1855-02-14,1888-04-05,,,Garshin,Vsevolod Mikhailvich
368,添田唖蝉坊,1872-12-25,1944-02-08,male,Kanagawa Prefecture,Soeda,Azenbo
1733,フリーマンリチャード オースティン,1862-04-11,1943-09-28,male,Marylebone,Freeman,Richard Austin
1420,中山太郎,1876-11-13,1947-06-13,male,大阪市,Nakayama,Taro
1668,西東三鬼,1900-05-15,1962-04-01,male,岡山県,Saito,Sanki
1125,井上紅梅,1881-00-00,1950-00-00,male,,Inoue,Kobai
1263,服部之総,1901-09-24,1956-03-04,male,,Hattori,Shiso
2034,井上基志,,,,,Inoue,Motoshi
843,山田美妙,1868-08-25,1910-10-24,male,神田,Yamada,Bimyo
255,国枝史郎,1887-10-10,1943-04-08,male,,Kunieda,Shiro
150,薄田泣菫,1877-05-19,1945-10-09,male,岡山県,Susukida,Kyukin
1248,佐藤垢石,1888-06-18,1956-07-04,male,,Sato,Koseki
1068,釈迢空,1887-02-11,1953-09-03,male,Osaka,Shaku,Choku
1499,外村繁,1902-12-23,1961-07-28,male,東近江市,Tonomura,Shigeru
905,ホーソーンナサニエル,1804-07-04,1864-05-19,male,Salem,Hawthorne,Nathaniel
1488,火野葦平,1907-01-25,1960-01-24,male,北九州市,Hino,Ashihei
310,三上於菟吉,1891-02-04,1944-02-07,male,埼玉県,Mikami,Otokichi
1349,武田祐吉,1886-05-05,1958-03-29,male,東京,Takeda,Yukichi
1468,賀川豊彦,1888-07-10,1960-04-23,male,神戸市,Kagawa,Toyohiko
1143,西尾正,1907-12-12,1949-03-10,male,東京都,Nishio,Tadashi
1487,浅沼稲次郎,1898-12-27,1960-10-12,male,三宅島,Asanuma,Inejiro
1789,日本経済新聞社,,,unknown,,Nihon Keizai Shinbunsha,
1212,中江兆民,1847-12-08,1901-12-13,male,高知市,Nakae,Chomin
1417,中江篤介,1847-12-08,1901-12-13,male,Kochi,Nakae,Tokusuke
1535,津田左右吉,1873-10-03,1961-12-04,male,下米田村,Tsuda,Sokichi
315,森林太郎,1862-02-17,1922-07-09,male,Tsuwano,Mori,Rintaro
1211,清沢満之,1863-08-10,1903-06-06,male,名古屋市,Kiyozawa,Manshi
1669,大倉燁子,1886-04-12,1960-07-18,female,東京都,Okura,Teruko
1340,ブラウニングロバート,1812-05-07,1889-12-12,male,London,Browning,Robert
1153,長岡半太郎,1865-08-19,1950-12-11,male,大村市,Nagaoka,Hantaro
289,浜尾四郎,1896-04-24,1935-10-29,male,Kōjimachi-ku,Hamao,Shiro
1329,ウォルトンみちよ,,,,,Walton,Michiyo
248,上司小剣,1874-12-15,1947-09-02,male,,Kamitsukasa,Shoken
1205,下村千秋,1893-09-04,1955-01-31,male,,Shimomura,Chiaki
810,村井弦斎,1863-12-18,1927-07-30,male,,Murai,Gensai
1157,神西清,1903-11-15,1957-03-11,male,東京市,Jinzai,Kiyoshi
1578,今村明恒,1870-06-14,1948-01-01,male,鹿児島市,Imamura,Akitsune
1127,狩野直喜,1868-02-11,1947-12-13,male,肥後国,Kano,Naoki
1407,ストレイチーリットン,1880-03-01,1932-01-21,male,London,Strachey,Lytton
276,知里幸恵,1903-06-08,1922-09-18,female,登別市,Chiri,Yukie
1539,片山敏彦,1898-11-05,1961-10-11,male,,Katayama,Toshihiko
320,与謝野寛,1873-02-26,1935-03-26,male,Okazaki,Yosano,Hiroshi
1612,江森盛弥,1903-08-18,1960-04-05,,,Emori,Moriya
525,木下尚江,1869-10-12,1937-11-05,male,松本市,Kinoshita,Naoe
325,蘭郁二郎,1913-09-02,1944-01-05,male,東京都,Ran,Ikujiro
1397,橘外男,1894-10-10,1959-07-09,male,,Tachibana,Sotoo
1142,酒井嘉七,1903-00-00,1946-00-00,male,,Sakai,Kashichi
1454,伊藤永之介,1903-11-21,1959-07-26,male,秋田市,Ito,Einosuke
1425,小寺菊子,1883-08-07,1956-11-26,female,,Kodera,Kikuko
260,甲賀三郎,1893-10-05,1945-02-14,male,日野町,Koga,Saburo
268,関根金次郎,1868-04-01,1946-03-12,male,Chiba Prefecture,Sekine,Kinjiro
1399,マクラウドフィオナ,1855-09-12,1905-12-12,male,Paisley,Macleod,Fiona
1325,上村経吉,1868-04-28,1922-11-21,,,Uemura,Tsunekichi
1326,小笠原長生,1867-12-15,1958-09-20,male,佐賀県,Ogasawara,Nganari
236,大阪圭吉,1912-03-20,1945-07-02,male,新城市,Osaka,Keikichi
1346,片山広子,1878-02-10,1957-03-19,female,東京,Katayama,Hiroko
1486,佐藤緑葉,1886-07-01,1960-09-02,male,,Sto,Ryokuyo
75,リルケライネル・マリア,1875-12-04,1926-12-29,male,Prague,Rilke,Rainer Maria
262,小酒井不木,1890-10-08,1929-04-01,male,愛知県,Kosakai,Fuboku
1179,土田耕平,1895-01-25,1940-08-12,male,,Tsuchida,Kohei
1497,吉井勇,1886-10-08,1960-11-19,male,東京,Yoshii,Isamu
1054,浜田青陵,1881-02-22,1938-07-25,male,Kishiwada,Hamada,Seiryo
740,原口統三,1927-01-14,1946-10-25,male,,Haraguchi,Tozo
1479,風巻景次郎,1902-05-22,1960-01-04,male,兵庫県,Kazamaki,Keijiro
95,佐々木直次郎,1901-03-27,1943-05-24,male,小松市,Sasaki,Naojiro
241,小栗風葉,1875-02-03,1926-01-15,male,半田市,Oguri,Fuyo
1195,ダビットヤーコプ・ユリウス,1859-00-00,1906-00-00,male,Hranice,David,Jakob Julius
1372,柴崎芳太郎,1876-08-13,1938-01-29,male,,Shibazaki,Yoshitaro
684,内藤鳴雪,1847-05-29,1926-02-20,male,江戸,Naito,Meisetsu
1702,ベートーヴェンルートヴィヒ・ヴァン,1770-12,1827-03-26,male,Bonn,Beethoven,Ludwig van
1190,アルテンベルクペーター,1859-03-09,1919-01-08,,,ALTENBERG,PETER
252,金史良,1914-03-03,1950-00-00,male,Pyongyang,Kim,Sa-ryang
488,小柳司気太,1870-12-24,1940-07-18,male,,Oyanagi,Shigeta
275,近松秋江,1876-05-04,1944-04-23,male,岡山県,Chikamatsu,Shuko
1193,オイレンベルクヘルベルト,1876-01-25,1949-09-04,male,Cologne,Eulenberg,Herbert
1308,徳永直,1899-01-20,1958-02-15,male,花園村,Tokunaga,Sunao
1192,ホーフマンスタールフーゴー・フォン,1874-02-01,1929-07-15,male,Vienna,Hofmannsthal,Hugo von
978,竹越与三郎,1865-11-22,1950-01-12,male,Honjō-shuku,Takekoshi,Yosaburo
1229,クロポトキンピョートル・アレクセーヴィチ,1842-12-09,1921-02-08,,,Kropotkin,Pyotr Alkseevich
1272,溝口健二,1898-05-16,1956-08-24,male,東京都,Mizoguchi,Kenji
603,白鳥庫吉,1865-03-01,1942-04-01,male,茂原市,Shiratori,Kurakichi
134,佐左木俊郎,1900-04-14,1933-03-13,male,一栗村,Sasaki,Toshiro
304,牧逸馬,1900-01-17,1935-06-29,male,Sado district,Maki,Itsuma
1543,犬養健,1896-07-28,1960-08-28,male,東京,Inukai,Takeru
10,大久保ゆう,1982-00-00,,male,Kyoto Prefecture,Okubo,Yu
712,成島柳北,1837-03-22,1884-11-30,male,,Narushima,Ryuhoku
1575,濹上漁史,1837-03-22,1884-11-30,,,Bokujogyoshi,
48,南部修太郎,1892-10-12,1936-06-22,male,仙台市,Nanbu,Shutaro
1151,久米正雄,1891-11-23,1952-03-01,male,上田市,Kume,Masao
247,加能作次郎,1885-01-10,1941-08-05,male,,Kano,Sakujiro
930,山本禾太郎,1889-02-28,1951-03-16,male,神戸市,Yamamoto,Nogitaro
162,若山牧水,1885-08-24,1928-09-17,male,東郷町,Wakayama,Bokusui
388,淡島寒月,1859-11-17,1926-02-23,male,日本橋馬喰町,Awashima,Kangetsu
102,石橋忍月,1865-10-20,1926-02-01,male,福岡県,Ishibashi,Ningetsu
1154,岸田国士,1890-11-02,1954-03-05,male,Tokyo,Kishida,Kunio
212,竹久夢二,1884-09-16,1934-09-01,male,本庄村,Takehisa,Yumeji
457,大槻文彦,1847-12-22,1928-02-17,male,木挽町,Otsuki,Fumihiko
963,野上豊一郎,1883-09-14,1950-02-23,male,臼杵市,Nogami,Toyoichiro
1261,邦枝完二,1892-12-28,1956-08-02,male,東京都,Kunieda,Kanji
1222,高楠順次郎,1866-06-29,1945-06-28,male,三原市,Takakusu,Junjiro
1865,大堀竜太郎,,,,,Ohori,Ryutaro
1306,川田功,1882-00-00,1931-00-00,,,Kawada,Isao
278,津村信夫,1909-01-05,1944-06-27,male,神戸市,Tsumura,Nobuo
1178,テーラージェーン,1783-00-00,1824-00-00,unknown,,Taylor,Jane
1370,豊田三郎,1907-02-12,1959-11-18,male,下味見村,Toyoda,Saburo
221,平林初之輔,1892-11-08,1931-06-15,male,京都府,Hirabayashi,Hatsunosuke
606,杉田久女,1890-05-30,1946-01-21,female,鹿児島市,Sugita,Hisajo
754,福士幸次郎,1889-11-05,1946-10-11,male,弘前市,Fukushi,Kojiro
290,林不忘,1900-01-17,1935-06-29,male,Sado district,Hayashi,Fubo
565,斎藤緑雨,1868-01-24,1904-04-13,male,三重県,Saito,Ryokuu
959,相馬御風,1883-07-10,1950-05-08,male,糸魚川町,Soma,Gyofu
1123,チェスタートンギルバート・キース,1874-05-29,1936-06-14,male,Kensington,Chesterton,Gilbert Keith
72,山中貞雄,1909-11-07,1938-09-17,male,Kyoto,Yamanaka,Sadao
1703,ヴェーゲラーフランツ・ゲルハルト,1765-08-02,1848-05-07,male,Bonn,Wegeler,Franz Gerhard
491,片岡鉄兵,1894-02-02,1944-12-25,male,岡山県,Kataoka,Teppei
492,片上伸,1884-02-20,1928-03-05,male,愛媛県,Katagami,Noburu
1931,岡田武松,1874-08-17,1956-09-02,male,布佐町,Okada,Takematsu
1073,高田保,1895-03-28,1952-02-20,male,新治郡,Takada,Tamotsu
1704,ブロイニングエレオノーレ・フォン,1771-00-00,1841-00-00,,,Breuning,Eleonore von
1732,ボードレールシャルル・ピエール,1821-04-09,1867-08-31,male,former 11th arrondissement of Paris,Baudelaire,Charles Pierre
1294,兼常清佐,1885-11-22,1957-04-25,male,,Kanetsune,Kiyosuke
577,佐藤惣之助,1890-12-03,1942-05-15,male,仙台市,Sato,Sonosuke
159,辻潤,1884-10-04,1944-11-24,male,東京,Tsuji,Jun
1149,マルサストマス・ロバート,1766-02-13,1834-12-29,male,Westcott,Malthus,Thomas Robert
1251,ゴールドマンエマ,1869-06-27,1940-05-14,female,Kaunas,Goldman,Emma
165,内田魯庵,1868-04-27,1929-06-29,male,江戸,Uchida,Roan
1392,長谷健,1904-10-17,1957-12-21,male,梁川町,Hase,Ken
1577,服部宇之吉,1867-06-02,1939-07-11,male,,Hattori,Unokichi
1368,山本実彦,1885-01-05,1952-07-01,male,薩摩川内市,Yamamoto,Sanehiko
1533,宇野浩二,1891-07-26,1961-09-21,male,福岡市,Uno,Koji
526,木下利玄,1886-01-01,1925-02-15,male,岡山市,Kinoshita,Rigen
1147,相馬愛蔵,1870-11-08,1954-02-14,male,穂高町,Soma,Aizo
1148,相馬黒光,1876-09-12,1955-03-02,female,仙台市,Soma,Kokko
1542,青野季吉,1890-02-24,1961-06-23,male,佐渡市,Aono,Suekichi
1086,ゴーチェテオフィル,1811-08-30,1872-10-23,male,Tarbes,Gautier,Theophile
1521,長与善郎,1888-08-06,1961-10-29,male,Tokyo Prefecture,Nagayo,Yoshiro
1231,松本文三郎,1869-00-00,1944-12-18,male,,Matsumoto,Bunzaburo
1481,三木貞一,1861-00-00,1933-00-00,,,Miki,Teiichi
249,嘉村礒多,1897-12-15,1933-11-30,male,山口市,Kamura,Isota
1082,相馬泰三,1885-12-29,1952-05-15,male,,Soma,Taizo
112,水野仙子,1888-12-03,1919-05-31,female,須賀川市,Mizuno,Senko
1172,村山籌子,1903-11-07,1946-08-04,female,,Murayama,Kazuko
1295,レスコーフニコライ・セミョーノヴィチ,1831-02-16,1895-03-05,male,,Leskov,Nikolai Semyonovich
1396,原田義人,1918-08-05,1960-08-01,male,東京都,Harada,Yoshito
237,大町桂月,1869-03-06,1925-06-10,male,高知市,Omachi,Keigetsu
1101,ミルトンジョン,1608-12-09,1674-11-08,male,Cheapside,Milton,John
1374,大下藤次郎,1870-07-09,1911-10-10,male,東京都,Oshita,Tojiro
1379,小川登喜男,1908-00-00,1949-00-00,male,東京都,Ogawa,Tokio
1381,石井柏亭,1882-03-28,1958-12-29,male,御徒町,Ishii,Hakutei
141,坪内逍遥,1859-06-22,1935-02-28,male,太田宿,Tsubouchi,Shoyo
1037,原勝郎,1871-04-15,1924-01-12,male,山武郡,Hara,Katsuro
163,若松賤子,1864-04-06,1896-02-10,female,会津若松市,Wakamatsu,Shizuko
1476,大鹿卓,1898-08-25,1959-02-01,male,,Oshika,Taku
348,范曄,398-00-00,445-00-00,male,Jin dynasty,Fan,Ye
1567,橘樸,1881-10-14,1945-10-25,male,臼杵市,Tachibana,Shiraki
1337,阪井久良伎,1869-00-00,1945-00-00,unknown,Yokohama,sakai,Kuraki
802,三宅花圃,1869-02-04,1943-07-18,female,東京都,Miyake,Kaho
1375,鵜殿正雄,1877-00-00,1945-00-00,,,Udono,Masao
1373,木暮理太郎,1873-00-00,1944-05-07,male,,Kogure,Ritaro
1228,辻村もと子,1906-02-11,1946-05-24,female,北海道,Tsujimura,Motoko
1017,三上義夫,1875-02-16,1950-12-31,male,安芸高田市,Mikami,Yoshio
220,吉江喬松,1880-09-05,1940-03-26,male,塩尻市,Yoshie,Takamatsu
1389,シュウォッブマルセル,1867-08-25,1905-02-26,male,Chaville,Schwob,Marcel
940,別所梅之助,1872-01-21,1945-03-01,male,東京都,Bessho,Umenosuke
1388,新島襄,1843-02-12,1890-01-23,male,神田,Niijima,Jo
111,佐々木味津三,1896-03-18,1934-02-06,male,,Sasaki,Mitsuzo
1062,ストリンドベリアウグスト,1849-00-00,1912-00-00,male,Storkyrkoförsamlingen,Strindberg,August
1595,井上準之助,1869-05-06,1932-02-09,male,日田県,Inoue,Junnosuke
970,とだけん,1889-01-04,1936-03-11,,,Toda,Ken
1262,土原耕作,1889-01-04,1936-03-11,,,Tsuchihara,Kosaku
342,柴田流星,1879-02-28,1913-09-27,,,Shibata,Ryusei
1066,ビアスアンブローズ,1842-00-00,1914-00-00,male,Meigs County,Bierce,Ambrose
338,フランスアナトール,1844-04-16,1924-10-12,male,Paris,France,Anatole
1428,アインシュタインアルベルト,1879-03-14,1955-04-18,male,Ulm,Einstein,Albert
374,饗庭篁村,1855-09-25,1922-06-20,male,東京市,Aeba,Koson
1314,青柳喜兵衛,1904-01-01,1938-08-28,,,Aoyagi,Kihei
1990,芥川紗織,1924-05-24,1966-01-31,female,Takashi,Akutagawa,Saori
347,小川亮作,1910-00-00,1951-00-00,,,Ogawa,Ryosaku
380,浅井洌,1849-10-10,1938-02-27,male,,Asai,Retsu
1816,浅野正恭,1868-01-22,1954-10-20,male,源清田村 (1889-1942),Asano,Masayasu
225,阿部徳蔵,1889-00-00,1944-00-00,,,Abe,Tokuzo
1909,安倍能成,1883-12-23,1966-06-07,male,松山市,Abe,Yoshishige
1948,鮎川義介,1880-11-06,1967-02-13,male,山口市,Ayukawa,Yoshisuke
1902,新井紀一,1890-02-22,1966-03-13,male,,Arai,Kiichi
1716,アラルコンペドロ・アントニオ,1833-01-10,1891-07-19,,,Alarcon,Pedro Antonio
1221,荻原雲来,1869-03-22,1937-12-20,male,,Ogiwara,Unrai
2044,奥増夫,,,,,Oku,Masuo
366,アルチバシェッフミハイル・ペトローヴィチ,1878-11-05,1927-03-03,male,Dobroslavivka,Artsybashev,Mikhail Petrovich
1863,安西冬衛,1898-03-09,1965-08-24,male,奈良県,Anzai,Huyue
907,アンドレーエフレオニード・ニコラーエヴィチ,1871-00-00,1919-00-00,male,Oryol,Andreev,Leonid Nikolaevich
1597,李箱,1910-09-14,1937-04-17,male,Jong-ro,I,Sang
1626,猪狩満直,1898-05-09,1938-04-17,male,,Ikari,Mitsunao
392,生田葵山,1876-04-14,1945-12-31,,,Ikuta,Kizan
393,生田長江,1882-04-21,1936-01-11,male,日野町,Ikuta,Choko
1413,池田亀鑑,1896-12-09,1956-12-19,male,,Ikeda,Kikan
1352,池田輝方,1833-01-04,1921-05-06,male,東京都,Ikeda,Terukata
398,池谷信三郎,1900-10-15,1933-12-21,male,京橋区,Iketani,Shinsaburo
868,池宮城積宝,1893-00-00,1951-00-00,,,Ikemiyagi,Sekiho
228,井沢衣水,1889-00-00,1967-08-14,,,Izawa,Isui
1252,石井研堂,1865-00-00,1943-00-00,male,,Ishii,Kendo
1460,尾佐竹猛,1880-01-20,1946-10-01,male,,Osatake,Takeki
1170,石川三四郎,1876-05-23,1956-11-28,male,埼玉県,Ishikawa,Sanshiro
1835,石川成章,1872-07-26,1945-09-06,male,,Ishikawa,Seisho
1478,石川千代松,1860-01-08,1935-01-17,male,江戸,Ishikawa,Chiyomatsu
1206,石河幹明,1859-11-11,1943-07-25,male,,Ishikawa,Mikiaki
229,石田孫太郎,1874-00-00,1936-00-00,male,,Ishida,Magotaro
1742,石原忍,1879-09-25,1963-01-03,male,東京府,Ishihara,Shinobu
1665,泉芳朗,1905-03-18,1959-04-09,male,,Izumi,Horo
864,板倉勝宣,1898-02-12,1923-01-17,male,東京府,Itakura,Katsunobu
412,市島春城,1860-03-09,1944-04-21,male,Agano,Ichijima,Syunjo
1197,伊東静雄,1906-12-10,1953-03-12,male,諫早市,Ito,Shizuo
1642,伊藤信二,1907-10-30,1932-08-14,male,,Ito,Shinji
1232,伊東忠太,1867-11-21,1954-04-07,male,米沢市,Ito,Chyuta
1961,稲垣巌,1897-02-15,1937-08-15,male,東京都,Inagaki,Iwao
1289,犬田卯,1891-08-23,1957-07-21,male,,Inuta,Shigeru
1685,井上貞治郎,1881-08-16,1963-11-10,male,兵庫県,Inoue,Teijiro
420,井上哲次郎,1856-02-01,1944-12-07,male,太宰府市,Inoue,Tetsujiro
1315,井上良夫,1908-00-00,1945-00-00,male,若松市,Inoue,Yoshio
232,伊波普猷,1876-03-15,1947-08-13,male,那覇市,Iha,Fuyu
1336,伊庭心猿,1908-00-00,1957-02-25,,,Iba,Shinen
1210,違星北斗,1902-01-01,1929-01-26,male,余市町,Iboshi,Hokuto
234,今井邦子,1890-05-31,1948-07-15,female,徳島市,Imai,Kuniko
1627,今村恒夫,1908-01-15,1936-12-09,male,福岡県,Imamura,Tsuneo
430,伊良子清白,1877-10-04,1946-01-10,male,,Irako,Seihaku
137,岩野泡鳴,1873-01-20,1920-05-09,male,淡路市,Iwano,Homei
1353,岩村透,1870-02-25,1917-08-17,male,,Iwamura,Toru
493,加藤朝鳥,1886-09-19,1938-05-17,male,,Kato,Asatori
1534,岩本素白,1883-08-17,1961-10-02,male,東京都,Iwamoto,Sohaku
17,ウィードグスターフ,1858-00-00,1914-00-00,male,Holmegård,Wied,Gustav
435,上田万年,1867-02-11,1937-10-26,male,Ōkubo,Ueda,Kazutoshi
1628,上田進,1907-10-24,1947-02-24,male,東京都,Ueda,Susumu
1903,上田広,1905-06-18,1966-02-27,male,千葉県,Ueda,Hiroshi
880,枯葉,,,unknown,,Kareha,
1705,ヴェルハーレンエミール,1855-03-21,1916-11-27,male,Sint-Amands,Verhaeren,Emile
1582,宇田川文海,1848-03-28,1930-01-06,male,,Udagawa,Bunkai
1070,神吉三郎,1899-2-17,1952-11-9,male,,Kanki,Saburo
1762,内山完造,1885-01-11,1959-09-20,male,,Uchiyama,Kanzou
1798,梅崎春生,1915-02-15,1965-07-19,male,福岡市,Umezaki,Haruo
1630,榎南謙一,1913-00-00,1945-00-00,,,Enami,Kenichi
1321,江南文三,1887-12-26,1946-02-08,,,Enami,Bunzo
448,江見水蔭,1869-09-17,1934-11-03,male,岡山市,Emi,Suiin
1139,エンゲルスフリードリッヒ,1820-11-28,1895-08-05,male,Barmen,Engels,Friedrich
1908,小穴隆一,1894-11-28,1966-04-24,male,北海道,Oana,Ryuichi
1631,大石喜幸,1910-00-00,1941-00-00,,,Oishi,Yoshiyuki
1632,大江鉄麿,1915-00-00,1944-00-00,,,Oe,Tetsumaro
1689,大木頭,1886-02-20,1912-04-13,,,Oki,
1879,大隈重信,1838-03-11,1922-01-10,male,佐賀市,Okuma,Shigenobu
1872,大下宇陀児,1896-11-15,1966-08-11,male,長野県,Oshita,Udaru
863,大島亮吉,1899-09-04,1928-03-25,male,Shiba-ku,Oshima,Ryokichi
1824,大坪砂男,1904-02-01,1965-01-12,male,東京市,Otsubo,Sunao
1316,大庭武年,1904-00-00,1945-00-00,,,Oba,Taketoshi
1474,丘浅次郎,1868-12-31,1944-05-02,male,静岡県,Oka,Asajiro
965,丘丘十郎,1897-12-26,1949-05-17,,,Oka,Kyujuro
467,岡倉由三郎,1868-03-15,1936-10-31,male,Yokohama,Okakura,Yoshisaburo
1354,岡崎雪声,1854-02-26,1921-04-16,male,Fushimi-ku,Okazaki,Sessei
1355,岡田三郎助,1869- 02-22,1939-09-23,male,佐賀県,Okada,Saburosuke
874,尾形亀之助,1900-12-12,1942-12-02,male,,Ogata,Kamenosuke
239,岡本一平,1886-06-11,1948-10-11,male,函館市,Okamoto,Ippei
1339,岡本帰一,1888-6-12,1930-12-29,male,兵庫県,Okamoto,Kiichi
474,小川正子,1902-03-26,1943-04-29,female,山梨県,Ogawa,Masako
120,木下杢太郎,1885-08-01,1945-10-15,male,賀茂郡,Kinoshita,Mokutaro
1180,沖野岩三郎,1876-01-05,1956-01-30,male,,Okino,Iwasaburo
240,荻原守衛,1879-12-01,1910-04-22,male,Hotaka,Ogiwara,Morie
1753,尾崎士郎,1898-02-05,1964-02-19,male,横須賀村,Ozaki,Shiro
242,尾崎秀実,1901-05-01,1944-11-07,male,Shiba-ku,Ozaki,Hotsumi
479,小山内薫,1881-07-26,1928-12-25,male,広島市,Osanai,Kaoru
1589,落合ユキ子,1903-11-07,1946-08-04,,,Ochiai,Yukiko
1761,小津安二郎,1903-12-12,1963-12-12,male,深川区,Ozu,Yasujiro
1887,小野梓,1852-03-10,1886-01-11,male,土佐国,Ono,Azusa
243,小野賢一郎,1888-07-01,1943-02-01,male,Fukuoka Prefecture,Ono,Ken'ichiro
871,小野浩,1894-06-29,1933-10-21,male,,Ono,Hiroshi
1356,尾上梅幸,1870-11-08,1934-11-08,unknown,,Onoe,Baiko
201,グリーンジェイムズ,,2014-04,unknown,,Green,James
1246,恩地孝四郎,1891-07-02,1955-06-03,male,淀橋町,Onchi,Koshiro
1290,癋見鈍太郎,1889-01-04,1936-03-11,,,Kakumi,Dontaro
244,梶井久,1870-00-00,1946-00-00,,,Kajii,Hisa
1978,勝本清一郎,1899-05-05,1967-03-23,male,東京都,Katsumoto,Seiichiro
1286,桂小南,1880-05-24,1947-11-21,male,,Katsura,Konan
919,加藤一夫,1887-02-28,1951-01-25,male,秋田市,Kato,Kazuo
1317,加藤弘之,1836-06-23,1916-02-09,male,Izushi,Kato,Hiroyuki
1240,加藤道夫,1918-10-17,1953-12-22,male,福岡県,Kato,Michio
1984,金沢庄三郎,1872-06-12,1967-06-02,male,大阪府,Kanazawa,Shozaburo
873,金田千鶴,1902-11-19,1934-08-17,unknown,泰阜村,Kanada,Chizu
1956,金森徳次郎,1886-03-17,1959-06-16,male,名古屋市,Kanamori,Tokujiro
920,金子薫園,1876-11-30,1951-03-30,male,神田淡路町,Kaneko,Kun'en
246,金子ふみ子,1903-01-25,1926-07-23,female,Yokohama,Kaneko,Fumiko
1781,金田鬼一,1886-12-10,1963-11-01,male,東京都,Kaneda,Kiichi
866,狩野亨吉,1865-09-17,1942-12-22,male,大館町,Kano,Kokichi
891,加福均三,1885-00-00,1948-00-00,male,,Kafuku,Kinzo
1870,亀井勝一郎,1907-02-06,1966-11-14,male,函館市,Kamei,Katsuichiro
1076,高良とみ,1896-7-1,1993-1-17,female,富山県,Kora,Tomi
1906,河井寛次郎,1890-08-24,1966-11-18,male,安来市,Kawai,Kanjiro
1861,河井酔茗,1874-05-07,1965-01-17,male,Sakai,Kawai,Suimei
507,川上眉山,1869-04-16,1908-06-15,male,大阪市,Kawakami,Bizan
1911,川田順,1882-01-15,1966-01-22,male,東京,Kawada,Jun
1588,川田雪山,1879-05-24,1951-01,,,Kawada,Setsuzan
1532,川田瑞穂,1879-05-24,1951-01,unknown,,Kawada,Mizuho
369,川端茅舎,1897-08-17,1941-07-17,male,Tokyo,Kawabata,Bosha
510,河東碧梧桐,1873-02-26,1937-02-01,male,松山市,Kawahigashi,Hekigoto
938,観世左近　二十四世,1895-12-18,1939-03-21,,,Kanze,Sakon Nijuyonsei
1731,神田左京,1874-07-07,1939-07-07,unknown,佐々町,Kanda,Sakyo
1666,漢那浪笛,1887-00-00,1939-00-00,,,Kanna,Roteki
1055,蒲原有明,1875-03-15,1952-02-03,male,東京,Kanbara,Ariake
1484,魏徴,580-00-00,643-00-00,male,Julu County,Wei,Zheng
872,木内高音,1896-02-28,1951-06-07,male,尾道市,Kiuchi,Takane
514,菊池幽芳,1870-10-27,1947-07-21,male,,Kikuchi,Yuho
1723,斎藤三郎,1895-08-26,1960-02-02,male,,Saito,Saburo
164,堺利彦,1871-01-15,1933-01-23,male,豊津村,Sakai,Toshihiko
251,岸田劉生,1891-06-23,1929-12-20,male,銀座,Kishida,Ryusei
1751,北尾亀男,1892-08-25,1958-02-08,,,Kitao,Kameo
1357,北村四海,1871-04-03,1927-11-14,male,,Kitamura,Shikai
1537,喜多村緑郎,1871-09-07,1961-05-16,male,東京市,Kitamura,Rokuro
114,キプリングラデャード,1865-12-30,1936-01-18,male,Mumbai,Kipling,Rudyard
1207,木村芥舟,1830-02-27,1901-12-09,male,,Kimura,Kaishu
1243,木村小舟,1881-09-12,1955-04-20,male,,Kimura,Shoshu
1894,木村荘十,1897-01-12,1967-05-06,male,東京都,Kimura,Soju
1643,木村好子,1904-01-10,1959-10-24,male,Shimotsuga district,Kimura,Yoshiko
1327,肝付兼行,1853-04-23,1922-01-13,male,,Kimotsuki,Kaneyuki
1393,キャロルルイス,1832-01-27,1898-01-14,male,Daresbury,Carroll,Lewis
1078,瞿佑,1341-00-00,1427-00-00,male,Hangzhou,Qu,You
253,陸羯南,1857-11-30,1907-09-02,male,弘前市,Kuga,Katsunan
1516,草野天平,1910-02-28,1952-04-25,,,Kusano,Tenpei
1866,楠田匡介,1903-00-00,1966-00-00,male,,Kusuda,Kyousuke
367,クスミンミカイル・アレクセーヴィチ,1872-00-00,1936-00-00,male,Yaroslavl,Kuzmin,Mikhail Alekseevich
1834,The Creative CAT,,,,,The Creative CAT,
1633,国見善弘,1916-00-00,1937-00-00,,,Kunimi,Yoshihiro
1307,久保栄,1900-12-28,1958-03-15,male,札幌市,Kubo,Sakae
537,久保良英,1883-04-22,1942-11-11,male,,Kubo,Yoshihide
1907,窪田空穂,1877-06-08,1967-04-12,male,和田村,Kubota,Utsuho
1692,久保田万太郎,1889-11-07,1963-05-06,male,東京,Kubota,Mantaro
1144,クラウフォードフランシス・マリオン,1854-08-02,1909-04-09,male,Bagni di Lucca,Crawford,Francis Marion
1645,倉橋潤一郎,1914-00-00,1945-10,,,Kurahashi,Jun'ichiro
1821,蔵原伸二郎,1899-09-04,1965-03-16,male,阿蘇市,Kurahara,Shinjiro
357,クラルテジュール,1840-00-00,1913-00-00,male,Limoges,Claretie,Jules
1527,栗島山之助,1876-04-01,1945-11-06,,,Kurishima,Sannosuke
1563,グルモンレミ・ドゥ,1858-04-04,1915-09-27,male,Bazoches-au-Houlme,Gourmont,Remy de
1707,クローデルポール,1868-08-06,1955-02-23,male,Villeneuve-sur-Fère,Claudel,Paul
974,黒木舜平,1909-06-19,1948-06-13,male,Kanagi,Kuroki,Shunpei
37,黒島伝治,1898-12-12,1943-10-17,male,香川県,Kuroshima,Denji
257,黒田清輝,1866-06-29,1924-07-15,male,東千石町,Kuroda,Seiki
1435,黒部溯郎,1892-00-00,1949-03,,,Kurobe,Soro
542,桑木厳翼,1874-06-25,1946-12-15,male,東京都,Kuwaki,Gen'yoku
1250,ケイエレン,1849-12-11,1926-04-25,female,Gladhammar church parish,Key,Ellen
1285,慶應義塾,,,unknown,,Keiogijuku,
1300,ケネディパトリック,1801-00-00,1873-00-00,unknown,,Kennedy,Patrick
1769,ゲランシャルル,1873-12-29,1907-03-17,,,Guerin,Charles
1846,小泉信三,1888-05-04,1966-05-11,male,三田,Koizumi,Shinzo
1759,実吉捷郎,1895-01-20,1962-02-15,male,東京都,Saneyoshi,Hayao
1774,高祖保,1910-05-04,1945-01-20,male,,Koso,Tamotsu
1469,河野常吉,1863-01-11,1930-09-03,male,,Kono,Tsunekichi
1677,河野広道,1905-01-17,1963-07-12,male,,Kouno,Hiromichi
1797,河本大作,1883-01-24,1955-08-25,male,兵庫県,Komoto,Daisaku
1077,郡虎彦,1890-6-28,1924-10-6,male,東京都,Kori,Torahiko
364,ゴーリキーマクシム,1868-00-00,1936-00-00,male,Nizhny Novgorod,Gorky,Maksim
1247,小金井喜美子,1871-01-19,1956-01-26,female,,Koganei,Kimiko
1186,宍戸儀一,1907-05-09,1954-08-19,,,Shishido,Giichi
599,島村抱月,1871-02-28,1918-11-05,male,那賀郡,Shimamura,Hogetsu
27,小島烏水,1873-12-29,1948-12-13,male,横浜市,Kojima,Usui
1803,小杉放庵,1881-12-30,1964-04-16,male,日光市,Kosugi,Hoan
1672,小竹主,1873-10-03,1961-12-04,,,Kotake,
553,児玉花外,1874-07-07,1943-09-20,male,,Kodama,Kagai
1613,後藤謙太郎,1895-00-00,1925-00-00,,,Goto,Kentaro
1256,小林一三,1873-01-03,1957-01-25,male,Nirasaki,Kobayashi,Ichizo
1201,小舟勝二,,1931-00-00,,,Kobune,Katsuji
1884,小宮豊隆,1884-03-07,1966-05-03,male,福岡県,Komiya,Toyotaka
1268,小村雪岱,1887-03-22,1940-10-17,male,川越市,Komura,Settai
1867,小山清,1911-10-04,1965-03-06,male,東京都,Koyama,Kiyoshi
601,十一谷義三郎,1897-10-14,1937-04-02,male,神戸市,Juichiya,Gisaburo
362,コロレンコウラジミール・ガラクティオノヴィチ,1853-07-15,1921-12-25,,,Korolenko,Vladimir Galaktionovick
1390,金剛巌,1886-00-00,1951-00-00,unknown,,Kongo,Iwao
1471,今野大力,1904-02-05,1935-06-19,male,北海道,Konno,Dairiki
1736,庄野健,1955-00-00,,,,Shono,Ken
1131,新青年編輯局,,,,,Shinseinen henshukyoku,
1409,菅野徳助,,1915-01-13,,,Sugano,Tokusuke
46,鈴木行三,,1962-02-03,,,Suzuki,Kozo
1804,三枝博音,1892-05-20,1963-11-09,male,,Saigusa,Hiroto
1806,斉藤弘吉,1899-00-00,1964-09-19,,,Saito,Hirokichi
1096,榊亮三郎,1872-04-05,1946-08-24,,,Sakaki,Ryozaburo
1778,薄田斬雲,1877-01-27,1956-03-27,male,青森県,Susukida,Zan'un
1849,関根秀雄,1895-09-17,1987-07-27,male,東京都,Sekine,Hideo
1213,瀬沼夏葉,1875-12-11,1915-02-28,female,高崎市,Senuma,Kayo
913,sogo,,,,,Sogo,
621,高垣松雄,1890-12-13,1940-09-13,male,横須賀市,Takagaki,Matsuo
1920,宝探子,,,,,Takara,Sagashi
2053,竹本周平,,,,,Takemoto,Shuhei
1767,サキ,1870-12-18,1916-11-14,unknown,,Saki,
1604,桜間中庸,1911-07-06,1934-04-18,,,Sakurama,Chuyo
263,佐々木喜善,1886-10-05,1933-09-29,male,Tsuchibuchi,Sasaki,Kizen
1750,佐々木邦,1883-05-04,1964-09-22,male,,Sasaki,Kuni
1691,佐佐木信綱,1872-07-08,1963-12-02,male,鈴鹿市,Sasaki,Nobutsuna
911,ささきふさ,1897-00-00,1949-00-00,female,芝区,Sasaki,Fusa
1904,佐佐木茂索,1894-11-11,1966-12-01,male,京都府,Sasaki,Mosaku
1713,サッフォ,,,,Greece,Sappho,
1614,佐藤武夫,1906-00-00,1929-00-00,male,名古屋市,Sato,Takeo
1763,佐藤春夫,1892-04-09,1964-05-06,male,Shingu,Sato,Haruo
219,里村欣三,1902-03-13,1945-02-23,male,,Satomura,Kinzo
1227,佐野友三郎,1864-03-10,1920-05-13,male,埼玉県,Sano,Tomosaburo
166,サマンアルベール,1858-00-00,1900-00-00,male,Lille,Samain,Albert
1141,沢田正二郎,1892-05-27,1929-03-04,male,Otsu,Sawada,Shojiro
1932,山東京山,1769-07-18,1858-10-30,male,Kiba,Santo,Kyozan
2007,山東京伝,1761-09-13,1816-10-27,male,木場,Santo,Kyoden
585,三文字屋金平,1868-04-05,1929-06-29,,,Sanmonjiya,Kinpira
1805,三遊亭金馬,1894-10-25,1964-11-08,unknown,,San'yutei,Kinba
1925,シートンアーネスト・トンプソン,1860-08-14,1946-10-23,male,South Shields,Seton,Ernest Thompson
1995,ジェイコブスウイリアム・ワイマーク,1863-09-08,1943-09-01,male,Wapping,Jacobs,William Wymark
1862,式場隆三郎,1898-07-02,1965-11-21,male,五泉町,Shikiba,Ryuzaburo
1794,幣原喜重郎,1872-09-13,1951-03-10,male,門真市,Shidehara,Kijuro
1832,柴田宵曲,1897-09-02,1966-08-23,male,東京都,Shibata,Shokyoku
1970,島秋人,1934-06-28,1967-11-02,male,Korea,Shima,Akito
265,島木赤彦,1876-12-17,1926-03-27,male,,Shimagi,Akahiko
1526,島袋源一郎,1885-10-05,1942-03-27,male,沖縄県,Shimabukuro,Gen'ichiro
1146,清水紫琴,1868-01-25,1933-07-31,female,備前市,Shimizu,Shikin
1615,下川儀太郎,1904-00-00,1961-00-00,male,静岡市,Shimokawa,Gitaro
1696,下村海南,1875-05-11,1957-12-09,male,Wakayama Prefecture,Shimomura,Kainan
360,シュニッツレルアルツール,1862-00-00,1931-00-00,male,Vienna,Schnitzler,Arthur
352,田中早苗,1884-00-00,1945-00-00,female,,Tanaka,Sanae
1194,シュミットボンウィルヘルム,1876-00-00,1952-00-00,,,Schmidtbonn,Wilhelm
1551,条野採菊,1832-00-00,1902-01-24,male,日本橋,Jyono,Saigiku
12,素木しづ,1895-03-26,1918-01-29,female,札幌市,Shiraki,Shizu
1427,田部隆次,1875-10-20,1957-12-20,male,,Tanabe,Ryuji
956,白柳秀湖,1884-01-07,1950-11-09,male,,Shirayanagi,Shuko
1485,沈約,441-00-00,513-00-00,male,Huzhou,Shen,Yue
1938,新村出,1876-10-04,1967-08-17,male,Yamaguchi Prefecture,Shinmura,Izuru
1607,末吉安持,1887-00-00,1907-00-00,,,Sueyoshi,Anji
133,菅原孝標女,1008-00-00,1060-01-01,female,京都市,Sugawara Takasue no musume,
608,杉村楚人冠,1872-08-28,1945-10-03,male,,Sugimura,Sojinkan
957,鈴木梅太郎,1874-04-07,1943-09-20,male,牧之原市,Suzuki,Umetaro
1350,鈴木鼓村,1875-00-00,1931-03-12,,,Suzuki,Koson
1833,鈴木大拙,1870-11-11,1966-07-12,male,本多町,Suzuki,Daisetsu
101,田宮まや,,,,,Tamiya,Maya
975,薄田淳介,1877-05-19,1945-10-09,,,Susukida,Junsuke
1985,薄田太郎,1902-11-01,1967-04-23,male,,Susukida,Taro
1145,ストックトンフランシス・リチャード,1834-04-05,1902-04-19,male,Philadelphia,Stockton,Francis Richard
1026,関寛,1830-00-00,1912-10-15,male,札幌市,Seki,Kan
1402,関口存男,1894-11-21,1958-07-25,male,姫路市,Sekiguchi,Tsugio
1358,関根黙庵,1863-00-00,1923-00-00,male,,Sekine,Mokuan
1606,世礼国男,1897-07-20,1950-01-23,,,Serei,Kunio
617,千家元麿,1888-06-08,1948-03-14,male,東京,Senge,Motomaro
1199,ソログープフョードル,1863-02-17,1927-12-07,male,Saint Petersburg,Sologub,Fedor
1191,高木敏雄,1876-00-00,1922-00-00,male,,Takagi,Toshio
1371,高頭仁兵衛,1877-05-20,1958-04-06,male,新潟県,Takato,Jinbe
116,鷹野つぎ,1890-08-15,1943-03-19,female,浜松市,Takano,Tsugi
1697,高野六郎,1884-09-03,1960-12-15,male,,Takano,Rokurou
1823,高見順,1907-01-30,1965-08-17,male,三国町,Takami,Jun
1540,知里真志保,1909-02-24,1961-06-09,male,登別市,Chiri,Mashiho
1780,高群逸枝,1894-01-18,1964-06-07,female,熊本県,Takamure,Itsue
634,田口卯吉,1855-06-13,1905-04-13,male,東京都,Taguchi,Ukichi
636,竹内勝太郎,1894-10-20,1935-06-25,male,京都府,Takeuchi,Katsutaro
1675,竹内浩三,1921-05-12,1945-04-09,male,,Takeuchi,Kozo
977,竹越三叉,1865-11-22,1950-01-12,male,Honjō-shuku,Takekoshi,Sansa
189,武田麟太郎,1904-05-09,1946-03-31,male,大阪市,Takeda,Rintaro
1075,タゴールラビンドラナート,1861-05-06,1941-08-07,male,Kolkata,Tagore,Rabindranath
1184,手塚寿郎,1887-00-00,1943-00-00,male,栃木県,Tezuka,Sumio
904,田沢稲舟,1874-12-28,1896-09-10,female,Tsuruoka,Tazawa,Inabune
1624,陀田勘助,1902-01-15,1931-08-22,,,Dada,Kansuke
1782,辰野九紫,1892-07-16,1962-08-06,male,鳥取市,Tatsuno,Kyushi
1796,辰野隆,1888-03-01,1964-02-28,male,東京都,Tatsuno,Yutaka
1122,戸川明三,1871-02-07,1939-07-09,,,Togawa,Meizo
1610,田辺孝次,1890-00-00,1945-00-00,male,金沢市,Tanabe,Takatsugu
272,谷譲次,1900-01-17,1935-06-29,male,Sado district,Tani,Joji
273,田畑修一郎,1903-09-02,1943-07-23,male,,Tabata,Shuichiro
1634,田村乙彦,1911-12-10,1945-04-15,,,Tamura,Otohiko
1226,田村松魚,1877-00-00,1948-00-00,male,,Tamura,Shogyo
655,田村俊子,1884-04-25,1945-04-16,female,東京,Tamura,Toshiko
678,富永太郎,1901-05-04,1925-11-12,male,東京,Tominaga,Taro
1635,丹沢明,1904-00-00,1944-00-00,,,Tanzawa,Akira
274,談洲楼燕枝　二代,1879-00-00,1935-00-00,,,Danshuro,Enshi Nidai
1722,ダンセイニロード,1878-07-24,1957-10-25,male,London,Dunsany,Lord
1557,丹波敬三,1854-00-00,1927-00-00,male,大阪府,Tanba,Keizo
365,チリコフオイゲン,1864-00-00,1932-00-00,,,Chirikov,Evgenii
1057,陳玄祐,,,,,Chen,Xuanyou
1876,塚原健二郎,1895-02-16,1965-08-07,male,,Tsukahara,Kenjiro
660,塚原渋柿園,1848-04-04,1917-07-05,unknown,,Tsukahara,Jushien
934,塚原蓼洲,1848-03-01,1917-07-05,,,Tsukahara,Ryoshu
277,辻村伊助,1886-04-22,1923-09-01,male,神奈川県,Tsujimura,Isuke
1671,津田黄昏,1873-10-03,1961-12-04,,,Tsuda,Tasogare
1322,津田真道,1829-07-25,1903-09-03,male,津山市,Tsuda,Mamichi
344,土田杏村,1891-01-15,1934-04-25,male,,Tsuchida,Kyoson
87,綱島梁川,1873-05-27,1907-09-14,male,,Tsunashima,Ryosen
1939,恒藤恭,1888-12-03,1967-11-02,male,松江市,Tsuneto,Kyo
1674,鶴彬,1909-01-01,1938-09-14,male,,Tsuru,Akira
884,ディモフオシップ,1878-00-00,1959-00-00,,,Dymow,Ossip
1087,デフォーダニエル,1659-00-00,1731-04-26,male,Ward of Cripplegate,Defoe,Daniel
1084,寺島柾史,1893-10-24,1952-00-00,,,Terashima,Masashi
1198,土井八枝,1879-02-21,1948-05-10,female,,Doi,Yae
1135,ド・ヴィルヌーヴガブリエル=シュザンヌ・バルボ,1695-00-00,1755-00-00,,,de Villeneuve,Gabrielle-Susanne Barbot
1654,濤音,1888-05-28,1953-11-23,,,Toon,
1181,ドーデアルフォンス,1840-03-13,1897-12-17,male,Nîmes,Daudet,Alphonse
1788,十返肇,1914-03-25,1963-08-28,male,高松市,Togaeri,Hajime
669,戸川秋骨,1871-02-07,1939-07-09,male,玉名市,Togawa,Shukotsu
1968,時枝誠記,1900-12-06,1967-10-27,male,東京,Tokieda,Motoki
1369,徳富蘇峰,1863-01-25,1957-11-02,male,上益城郡,Tokutomi,Soho
1611,徳永保之助,1889-08-10,1925-12-13,,,Tokunaga,Yasunosuke
1658,渡久山水鳴,1884-00-00,1911-00-00,,,Tokuyama,Suimei
1455,登張竹風,1873-10-02,1955-01-06,male,江田島,Tobari,Chikufu
149,富岡誠,1897-01-01,1926-10-15,male,福岡県,Tomioka,Makoto
1715,富沢赤黄男,1902-07-14,1962-03-07,male,,Tomizawa,Kakio
1958,富田常雄,1904-01-01,1967-10-16,male,東京,Tomita,Tsuneo
677,富田木歩,1897-04-14,1923-09-01,male,東京都,Tomita,Moppo
282,富ノ沢麟太郎,1899-03-25,1925-02-24,male,Yamagata Prefecture,Tominosawa,Rintaro
923,朝永三十郎,1871-02-05,1951-09-18,male,長崎県,Tomonaga,Sanjuro
1161,鳥谷部春汀,1865-03-29,1908-12-21,male,青森県,Toyabe,Shuntei
47,長尾高弘,1960-00-00,,,,Nagao,Takahiro
692,中島孤島,1878-10-27,1946-04-09,male,,Nakajima,Koto
1851,中島英之,1942-00-00,,,,Nakajima,Hideyuki
1362,豊田喜一郎,1894-06-11,1952-03-27,male,鷲津町,Toyoda,Kiichiro
1900,ドロステ＝ヒュルスホフアネッテ・フォン,1797-01-10,1848-05-25,female,Burg Hülshoff,Droste-Hülshoff,Annette von
2045,中村喜治,,,,,Nakamura,Yoshiharu
1799,中勘助,1885-05-22,1965-05-03,male,東京,Naka,Kansuke
1061,中山省三郎,1904-1-28,1947-5-30,male,茨城県,Nakayama,Sgozaburo
1410,奈倉次郎,1871-00-00,1947-00-00,male,,Nakura,Jiro
869,永崎貢,1908-11-23,1934-12-12,,,Nagasaki,Mitsugu
690,中沢臨川,1878-10-28,1920-08-09,male,伊那市,Nakazawa,Rinsen
1655,長沢佑,1910-02-17,1933-02-17,,,Nagasawa,Tasuku
1910,中島哀浪,1883-07-30,1966-10-29,,,Nakajima,Airo
1636,中島葉那子,1909-12-20,1939-04-20,,,Nakajima,Hanako
697,中戸川吉二,1896-05-20,1942-11-19,male,北海道,Nakatogawa,Kichiji
1637,中野鈴子,1906-01-24,1958-01-05,female,坂井市,Nakano,Suzuko
1905,中野秀人,1898-05-17,1966-05-13,male,Fukuoka,Nakano,Hideto
1008,中浜哲,1897-01-01,1926-10-15,male,Fukuoka Prefecture,Nakahama,Tetsu
1667,仲村渠,1905-10-03,1951-12-04,,,Nakamura,Kare
1996,中村研一,1895-05-14,1967-08-28,male,宗像市,Nakamura,Ken'ichi
702,中村憲吉,1889-01-25,1934-05-05,male,三次市,Nakamura,Kenkichi
1954,中村清太郎,1888-04-30,1967-12-20,male,浅草区,Nakamura,Seitaro
1822,中村地平,1908-02-07,1963-02-26,male,,Nakamura,Chihei
1171,日本童話研究会,,,,,Nihon Dowa Kenkyukai,
181,能美武功,,,,,Nomi,Takenori
1436,中山啓,1895-04-26,1957-10-02,male,,Nakayama,Kei
1587,楢崎竜,1841-07-23,1906-01-15,female,Kyoto,Narasaki,Ryou
1943,成沢玲川,1877-12-14,1962-10-20,,,Narusawa,Reisen
1323,西周,1829-03-07,1897-01-31,male,津和野町,Nishi,Amane
1163,仁科芳雄,1890-12-06,1951-01-10,male,里庄町,Nishina,Yoshio
1617,西村陽吉,1892-04-09,1959-03-22,,,Nishimura,Yokichi
1776,蜷川新,1873-01-14,1959-08-17,male,,Ninagawa,Arata
1359,沼田一雅,1873-05-05,1954-06-05,male,,Numata,Ichiga
1618,根岸正吉,1892-00-00,1922-00-00,,,Negishi,Shokichi
1706,ネグリアダ,1870-02-03,1945-01-11,female,Lodi,Negri,Ada
1927,野上彰,1909-02-15,1967-11-04,male,,Nogami,Akira
939,野口米次郎,1875-12-08,1947-07-13,male,津島市,Noguchi,Yonejiro
1188,野中至,1867-09-19,1955-02-28,male,Chikuzen Province,Nonaka,Itaru
1912,野間清六,1902-02-12,1966-12-13,male,,Noma,Seiroku
1802,野村あらえびす,1882-10-15,1963-04-14,male,Iwate Prefecture,Nomura,Araebisu
1670,野村胡堂,1882-10-15,1963-04-14,male,岩手県,Nomura,Kodo
128,長谷悟,,,,,Hase,Satoru
1619,野村吉哉,1901-11-15,1940-08-29,,,Nomura,Yoshiya
287,野呂栄太郎,1900-04-30,1934-02-19,male,Hokkaido,Noro,Eitaro
1299,ハイドダグラス,1860-01-17,1949-07-12,male,Castlerea,Hyde,Douglas
725,萩原恭次郎,1899-05-23,1938-11-22,male,,Hagiwara,Kyojiro
88,長谷川集平,1955-00-00,,male,姫路市,Hasegawa,Shuhei
1878,早川健治,1989-00-00,,,,Hayakawa,Kenji
900,橋本五郎,1903-05-01,1948-05-29,male,Kotooka,Hashimoto,Goro
1752,橋本多佳子,1898-01-05,1963-05-29,female,東京,Hashimoto,Takako
1412,林田清明,1951-01-01,,male,,Hayashida,Seimei
1726,長谷川伸,1884-03-15,1963-06-11,male,横浜市,Hasegawa,Shin
1338,羽仁もと子,1873-09-08,1957-04-07,female,三戸郡,Hani,Motoko
1989,早川鮎子,1936-00-00,1967-00-00,,,Hayakawa,Ayuko
1972,林譲治,1889-03-24,1960-04-05,male,高知市,Hayashi,Joji
1901,番匠谷英一,1895-08-14,1966-06-17,male,大阪府,Banshoya,Eiichi
208,平井肇,1896-05-17,1946-07-07,male,,Hirai,Hajime
292,原田皐月,1887-00-00,1933-00-00,female,,Harada,Satsuki
1620,波立一,1908-00-00,1937-00-00,,,Haryu,Hajime
1714,平野零児,1897-02-06,1961-08-26,male,兵庫県,Hirano,Reiji
1280,hiro,,,unknown,,hiro,
1979,菱山修三,1909-08-28,1967-08-07,male,東京都,Hishiyama,Shuzo
1809,人見絹枝,1907-01-01,1931-08-02,female,岡山市,Hitomi,Kinue
1167,日野強,1866-01-23,1920-12-23,male,伊予国,Hino,Tsutomu
1986,秘田余四郎,1908-10-15,1967-09-18,male,,Himeda,Yoshiro
1158,ビョルンソンビョルンステェルネ,1832-12-08,1910-04-26,male,Kvikne,Bjornson,Bjornstjerne
1360,平井金三,1859-00-00,1916-00-00,,,Hirai,Kinzo
80,平出修,1878-04-03,1914-03-17,male,新潟県,Hiraide,Shu
343,平田禿木,1873-02-10,1943-03-13,male,東京,Hirata,Tokuboku
1378,平野長蔵,1870-09-05,1930-08-20,male,,Hirano,Chozo
294,平野万里,1885-05-25,1947-02-10,male,埼玉県,Hirano,Banri
1233,福永渙,1886-03-22,1936-05-05,unknown,,Fukunaga,Kiyoshi
1886,藤井英男,1913-03-20,2002-10-01,male,,Fujii,Hideo
1137,婦人文化研究会,,,,,Fujinbunkakenkyukai,
1638,平林彪吾,1903-09-01,1939-04-28,male,,Hirabayashi,Shogo
1292,平山千代子,1925-12-16,1944-08-02,,,Hirayama,Chiyoko
1132,平山蘆江,1882-11-15,1953-04-18,male,神戸市,Hirayama,Roko
359,ヒルシュフェルドゲオルヒ,1873-02-11,1943-01-17,,,Hirschfeld,Georg
1639,広海大治,1910-00-00,1960-08-25,,,Hiroumi,Daiji
295,広津柳浪,1861-07-15,1928-10-15,male,長崎市,Hirotsu,Ryuro
881,ブウテフレデリック,1874-00-00,1941-00-00,,,Boutet,Frederic
1913,深瀬基寛,1895-10-12,1966-08-21,male,,Fukase,Motohiro
298,藤島武二,1867-10-15,1943-03-19,male,池之上町,Fujishima,Takeji
1500,総生寛,1841-00-00,1894-10-09,male,,Fuso,Kan
1710,プラーテンアウグスト,1796-10-24,1835-12-05,,,Platen,August
1951,ブラックウッドアルジャーノン,1869-03-14,1951-12-10,male,Greenwich,Blackwood,Algernon
1651,古川アヤ,1903-11-07,1946-08-04,,,Furukawa,Aya
115,ブレイクウィリアム,1757-11-28,1827-8-12,male,London,Blake,William
882,プレヴォーマルセル,1862-05-01,1941-00-00,male,Paris,Prevost,Marcel
1111,ブロンテシャーロット,1816-04-21,1855-03-31,female,Thornton,Bronte,Charlotte
1709,ベルトランルイ,1807-04-20,1841-04-29,unknown,,Bertrand,Louis
765,逸見猶吉,1907-09-09,1946-05-17,male,古河市,Henmi,Yukichi
1051,蒲松齢,1640-06-05,1715-02-25,male,Zichuan District,Pu,Songling
971,萠円,1889-01-04,1936-03-11,,,Hoen,
972,萠円山人,1889-01-04,1936-03-11,,,Hoensanjin,
1377,細井吉造,1904-00-00,1936-11-04,,,Hosoi,Yoshizo
371,細井和喜蔵,1897-05-09,1925-08-18,male,,Hosoi,Wakizo
927,穂積重遠,1883-04-11,1951-07-29,male,東京府,Hozumi,Shigeto
1058,ホフマンエルンスト・テオドーア・アマーデウス,1776-01-24,1822-06-25,,,Hoffmann,Ernst Theodor Amadeaus
302,堀口九万一,1865-02-23,1945-10-30,male,,Horiguchi,Kumaichi
303,本庄陸男,1905-02-20,1939-07-23,male,北海道,Honjo,Mutsuo
1361,本田親二,1885-00-00,1948-00-00,,,Honda,Shinji
1555,本多静六,1866-08-11,1952-01-29,male,埼玉郡,Honda,Seiroku
1719,前田普羅,1884-04-18,1954-08-08,male,東京都,Maeda,Fura
928,前田夕暮,1883-07-27,1951-04-20,male,神奈川県,Maeda,Yugure
1297,前田河広一郎,1888-11-13,1957-12-04,male,仙台市,Maedako,Hiroichiro
1585,槙村浩,1912-06-01,1938-09-03,male,Kochi,Makimura,Ko
1175,槙本楠郎,1898-08-01,1956-09-14,male,Okayama Prefecture,Makimoto,Kusuro
1117,マクドナルドジョージ,1824-04-10,1905-09-18,male,Huntly,MacDonald,George
1676,正木不如丘,1887-02-26,1962-07-30,male,,Masaki,Fujokyu
1472,松井須磨子,1886-03-08,1919-01-05,female,清野村,Matsui,Sumako
1408,松浦武四郎,1818-03-12,1888-02-10,male,小野江村,Matsuura,Takeshiro
1447,松崎天民,1878-05-18,1934-07-22,male,落合町,Matsuzaki,Tenmin
104,松永延造,1895-04-26,1938-11-20,male,横浜市,Matsunaga,Enzo
307,松濤明,1922-03-05,1949-01-06,male,仙台市,Matsunami,Akira
1556,松村任三,1856-02-14,1928-05-04,male,Ibaraki Prefecture,Matsumura,Jinzo
1434,松本幸四郎,1870-05-12,1949-01-28,unknown,,Matsumoto,Koshiro
1622,松本淳三,1895-01-01,1950-10-09,male,,Matsumoto,Junzo
308,松本泰,1887-02-22,1939-04-19,male,東京都,Matsumoto,Tai
309,真山青果,1878-09-01,1948-03-25,male,仙台市,Mayama,Seika
1708,マラルメステファヌ,1842-03-18,1898-09-09,male,Paris,Mallarme,Stephane
1138,マルクスカール・ハインリッヒ,1818-05-05,1883-03-14,male,Trier,Marx,Karl Heinrich
1758,マンパウル・トーマス,1875-06-06,1955-08-12,male,Lübeck,Mann,Paul Thomas
788,三浦環,1884-02-22,1946-05-26,female,京橋,Miura,Tamaki
792,三木竹二,1867-10-02,1908-01-10,male,,Miki,Takeji
793,三沢勝衛,1885-01-25,1937-08-18,male,,Misawa,Katsue
22,三島霜川,1876-07-30,1934-03-07,male,,Mishima,Sosen
1074,水谷まさる,1894-12-25,1950-05-25,male,東京都,Mizutani,Masaru
941,水野葉舟,1883-04-09,1947-02-02,male,東京都,Mizuno,Yoshu
1133,三田村鳶魚,1870-04-17,1952-05-14,male,八王子市,Mitamura,Engyo
1698,光田健輔,1876-01-12,1964-05-14,male,山口県,Mitsuda,Kensuke
973,三鳥山人,1889-01-04,1936-03-11,,,Midorisanjin,
1400,松村みね子,1878-02-10,1957-03-19,female,Tokyo,Matsumura,Mineko
800,水上滝太郎,1887-12-06,1940-03-23,male,Tokyo,Minakami,Takitaro
1394,丸山英観,1885-01-18,1956-02-05,,,Maruyama,Eikan
1288,宮城道雄,1894-04-07,1956-06-25,male,神戸外国人居留地,Miyagi,Michio
147,三浦久,1945-00-00,,male,,Miura,Hisashi
1871,三宅周太郎,1892-07-22,1967-02-14,male,兵庫県,Miyake,Shutaro
804,三宅やす子,1890-03-15,1932-01-18,female,京都市,Miyake,Yasuko
805,宮崎湖処子,1864-09-20,1922-08-09,male,福岡県,Miyazaki,Koshoshi
1494,水上茂樹,,,,,Minakami,Shigeki
801,三宅幾三郎,1897-10-15,1941-05-01,male,兵庫県,Miyake,Ikusaburo
929,宮島資夫,1886-08-01,1951-02-19,male,,Miyajima,Sukeo
1446,宮地嘉六,1884-06-11,1958-04-10,male,佐賀市,Miyachi,Karoku
809,宮原晃一郎,1882-09-02,1945-06-10,male,鹿児島市,Miyahara,Koichiro
1717,ミュッセアルフレッド,1810-12-11,1857-05-02,,,Musset,Alfred
312,村井政善,,1937-00-00,,,Murai,Masayoshi
346,村岡博,1895-02-03,1946-04-19,,,Muraoka,Hiroshi
815,村上浪六,1865-11-01,1944-12-01,male,堺市,Murakami,Namiroku
1559,村越三千男,1880-00-00,1948-00-00,male,埼玉県,Murakoshi,Michio
1225,村山俊太郎,1905-07-15,1948-12-09,,,Murayama,Toshitaro
1764,モースエドワード・シルヴェスター,1838-06-18,1925-12-20,male,Portland,Morse,Edward Sylvester
1035,モーゼスウィリアム・ステイントン,1839-00-00,1892-00-00,male,Donington,Moses,William Stainton
1376,百瀬慎太郎,1892-00-00,1949-03,male,,Momose,Shintaro
1623,百田宗治,1893-01-25,1955-12-12,male,大阪府,Momota,Soji
1977,森於菟,1890-09-13,1967-12-21,male,東京府,Mori,Otto
1640,森竹夫,1905-00-00,1946-00-00,,,Mori,Takeo
1652,森川義信,1918-10-11,1942-08-13,,,Morikawa,Yoshinobu
1826,森下雨村,1890-02-23,1965-05-16,male,,Morishita,Uson
826,森田草平,1881-03-19,1949-12-14,male,岐阜市,Morita,Sohei
1864,森田正馬,1874-01-18,1938-04-12,male,高知市,Morita,Masatake
883,モルナールフェレンツ,1878-01-12,1952-04-01,male,Budapest,Molnar,Ferenc
1891,矢崎源九郎,1921-03-26,1967-02-23,male,,Yazaki,Genkuro
1083,矢崎嵯峨の舎,1863-03-01,1947-10-26,,,Yazaki,Saganoya
317,矢田津世子,1907-06-19,1944-03-14,female,秋田県,Yada,Tsuseko
1656,矢田部達郎,1893-10-24,1958-03-24,male,東京都,Yatabe,Tatsuro
1538,矢内原忠雄,1893-01-27,1961-12-25,male,今治市,Yanaihara,Tadao
831,柳川春葉,1877-03-05,1918-01-09,male,下谷区,Yanagawa,Shun'yo
1934,柳原白蓮,1885-10-15,1967-02-22,female,桜田町,Yanagiwara,Byakuren
1641,藪田忠夫,1912-00-00,1943-01,,,Yabuta,Tadao
1080,藪野椋十,1872-06-03,1926-04-09,male,Saga Prefecture,Yabuno,Mukuju
1969,矢部貞治,1902-11-09,1967-05-07,male,,Yabe,Teiji
1949,山浦貫一,1893-03-20,1967-09-26,male,上田市,Yamaura,Kan'ichi
1801,山川方夫,1930-02-25,1965-02-20,male,東京市,Yamakawa,Masao
1662,山口芳光,,1930-00-00,,,Yamaguchi,Yoshimitsu
1777,山崎富栄,1919-09-24,1948-06-13,female,東京都,Yamazaki,Tomie
837,山路愛山,1865-01-23,1917-03-14,male,浅草,Yamaji,Aizan
1391,山下博章,1898-00-00,1943-12-05,male,,Yamashita,Hiroaki
1208,山下利三郎,1892-00-00,1952-03-29,male,四国,Yamashita,Risaburo
1334,山田済斎,1867-12-18,1952-11-21,male,,Yamada,Seisai
1889,山中峯太郎,1885-12-15,1966-04-28,male,大阪府,Yamanaka,Minetaro
1693,山之口貘,1903-09-11,1963-07-19,male,那覇市,Yamanokuchi,Baku
1845,村田稔雄,1923-00-00,,,,Murata,Toshio
870,山本勝治,,1929-03-17,,,Yamamoto,Katsuji
319,山本宣治,1889-05-28,1929-03-05,male,Uji,Yamamoto,Senji
370,横瀬夜雨,1878-01-01,1934-02-14,male,,Yokose,Yau
1994,森郁夫,1929-00-00,1966-00-00,unknown,高知県,Mori,Ikuo
321,与謝野礼厳,1823-10-16,1898-08-17,male,,Yosano,Reigon
1328,吉井幸蔵,1856-01-02,1927-10-07,male,,Yoshii,Kozo
322,吉江孤雁,1880-09-05,1940-03-26,male,Shiojiri,Yoshie,Kogan
1258,吉田甲子太郎,1894-03-23,1957-01-08,male,,Yoshida,Kinetaro
1177,吉田絃二郎,1886-11-24,1956-05-21,male,,Yoshida,Genjiro
1924,吉田茂,1878-09-22,1967-10-20,male,臼杵市,Yoshida,Shigeru
1741,吉田松陰,1830-09-20,1859-11-21,male,萩市,Yoshida,Shoin
323,吉野作造,1878-01-29,1933-03-18,male,古川市,Yoshino,Sakuzo
1974,吉野秀雄,1902-07-03,1967-07-13,male,高崎市,Yoshino,Hideo
1659,吉本明光,1899-00-00,1960-00-00,,,Yoshimoto,Akimitsu
43,吉行エイスケ,1906-05-10,1940-07-08,male,岡山市,Yoshiyuki,Eisuke
1983,淀野隆三,1904-04-16,1967-07-07,male,京都府,Yodono,Ryuzo
1196,ランドハンス,1861-08-25,1939-08-31,male,Berlin,Land,Hans
1164,リカードデイヴィッド,1772-04-19,1823-09-11,male,London,Ricardo,David
1089,リットンエドワード・ジョージ・アール・ブルワー,1803-05-25,1873-01-18,,,Lytton,Edward George Earle Bulwer
1937,笠信太郎,1900-12-11,1967-12-04,male,,Ryu,Shintaro
30,山形浩生,1964-03-13,,male,東京都,Yamagata,Hiroo
960,山川丙三郎,1876-00-00,1947-00-00,male,,Yamakawa,Heisaburo
326,ルヴェルモーリス,1875-08-29,1926-04-15,male,Vendôme,Level,Maurice
358,ルモンニエーカミーユ,1844-03-24,1913-06-13,male,Ixelles - Elsene,Lemonnier,Camille
356,レニエアンリ・ド,1864-12-28,1936-05-23,male,Honfleur,Regnier,Henri de
332,ワイルドオスカー,1854-10-16,1900-11-30,male,Dublin,Wilde,Oscar
331,若杉鳥子,1892-12-21,1937-12-18,female,東京市,Wakasugi,Toriko
1501,若林玵蔵,1857-09-19,1938-05-03,male,埼玉郡,Wakabayashi,Kanzo
100,山本ゆうじ,1960-03-08,,male,東京都,Yamamoto,Yuji
98,結城浩,1963-00-00,,male,,Yuki,Hiroshi
1203,ワタナベオン,1902-08-26,1930-02-10,male,Hokkaido,Watanabe,On
1185,ワルラスマリー・エスプリ・レオン,1834-12-16,1910-01-05,,,Walras,Marie Esprit Leon
1657,アークムフレデリック,1769-03-29,1838-06-28,male,Bückeburg,Accum,Friedrich
330,青木栄瞳,,,female,,Aoki,Eime
1790,青空文庫,,,unknown,,Aozora Bunko,
130,秋野平,,,,,Akino,Taira
139,朝倉克彦,,,,,Asakura,Katsuhiko
1964,天川恵三郎,1864-00-00,1934-04-05,male,北海道,Amakawa,Keizaburo
1842,アレンジェームズ,1864-11-28,1912-01-24,unknown,,Allen,James
1813,石塚浩之,,,,,Ishizuka,Hiroyuki
200,岩本良子,,,female,,Iwamoto,Ryoko
1663,上里春生,1897-00-00,1939-06-02,,,Uezato,Haruo
32,植松真人,1962-01-01,,male,,Uematsu,Masato
180,ヴォルテール,1694-00-00,1778-00-00,male,Paris,Voltaire,
1783,エリオットジェイムズ・サンヅ,1880-05-28,1959-10-26,male,,Elliott,James Sands
1916,円城塔,1972-09-15,,male,札幌市,EnJoe,Toh
2035,オーウェルジョージ,1903-06-25,1950-01-21,male,Motihari,Orwell,George
1955,太田健一,1936-02-15,2016-01-23,male,Tochigi Prefecture,Ota,Ken'ichi
97,オー・ヘンリー,1862-09-11,1910-06-05,male,Greensboro,O. Henry,
1940,小倉右一郎,1881-06-09,1962-07-15,male,,Ogura,Yuichiro
206,小沢真理子,,,,,Ozawa,Mariko
1574,オスラーウイリアム,1849-07-12,1919-12-29,male,Bond Head,Osler,William
1727,オルファースジビュレ・フォン,1881-05-08,1916-01-29,female,Königsberg,Olfers,Sibylle von
1841,カーペンターケニス・Ｊ,1923-00-00,,,,Carpenter,Kenneth J.
1506,片岡義男,1939-03-20,,male,東京都,Kataoka,Yoshio
223,カワードノエル,1899-12-16,1973-03-26,male,Teddington,Coward,Noel
1345,川合貞一,1870-03-29,1955-06-19,male,美濃市,Kawai,Teiichi
99,菊池美範,,,,,Kikuchi,Yoshinori
373,北畠尊也,1967-00-00,,,,Kitabatake,Takaya
1602,金鍾漢,1914-02-28,1944-09-27,male,Kyongsong County,Kim,Chong-han
1561,ギャロッドアーチボルド,1857-11-25,1936-03-28,male,London,Garrod,Archibald
1882,キングスフォードアンナ,1846-09-16,1888-02-22,female,Maryland,Kingsford,Anna
1464,クラークヘンリ・サヴィル,1841-00-00,1893-00-00,male,,Clarke,Henry Savile
1686,グリーナウェイケイト,1846-03-17,1901-11-06,female,London,Greenaway,Kate
215,栗林元,,,,,Kuribayashi,Hajime
1950,クロッサーマイラ・ジョー,1880-00-00,1962-00-00,,,Closser,Myla Jo
122,桑原一世,1946-02-01,2006-02-28,female,,Kuwabara,Ichiyo
108,小泉英政,1948-00-00,,male,,Koizumi,Hidemasa
1756,コールデコットランドルフ,1846-03-22,1886-02-12,male,Chester,Caldecott,Randolph
16,小中千昭,1961-04-04,,male,東京都,Konaka,Chiaki
1241,ゴルドンエリザベス、アンナ,1851-00-00,1925-00-00,,,Gordon,Elizabeth Anna
151,西府章,,,,,Saifu,Akira
54,佐野良二,1940-00-00,,,,Sano,Ryoji
1918,澤西祐典,1986-07-12,,male,兵庫県,Sawanishi,Yuten
1265,サン＝テグジュペリアントワーヌ・ド,1900-06-29,1944-07-31,male,2nd arrondissement of Lyon,Saint-Exupery,Antoine de
1548,シェーンハイマールドルフ,1898-05-10,1941-09-11,male,Berlin,Schoenheimer,Rudolf
1919,シェミンマーガレット,192X-00-00,1976-00-00,,,Shemin,Margaretha
1591,ジェンナーエドワード,1749-05-17,1823-01-26,male,Berkeley,Jenner,Edward
1877,シガーヨンスソンフロスティ,1962-12-19,,male,Reykjavík,Sigurjónsson,Frosti
1492,シゲリストヘンリー・Ｅ,1891-00-00,1957-00-00,male,10th arrondissement of Paris,Sigerist,Henry E.
594,芝不器男,1903-04-18,1930-02-24,male,,Shiba,Fukio
1367,嶋中雄作,1887-02-02,1949-01-17,male,,Shimanaka,Yusaku
84,清水哲男,1938-02-15,2022-03-07,male,東京都,Shimizu,Tetsuo
90,清水鱗造,1950-00-00,,,,Shimizu,Rinzo
210,シュヴァルツエフゲーニイ,1896-00-00,1958-00-00,male,Kazan,Shvarts,Evgeniy
21,白田秀彰,1968-04-03,,male,延岡市,Shirata,Hideaki
1493,ジンサーハンス,1878-11-17,1940-09-04,male,New York City,Zinsser,Hans
92,鈴木志郎康,1935-05-19,2022-09-08,male,亀戸,Suzuki,Shiroyasu
1930,鈴木牧之,1770-02-22,1842-06-23,male,Shiozawa,Suzuki,Bokushi
335,ストールマンリチャード,1953-00-00,,male,Manhattan,Stallman,Richard
1600,スノウジョン,1813-03-15,1858-06-16,male,York,Snow,John
2010,スミスコードウェイナー,1913-07-11,1966-08-06,male,Milwaukee,Smith,Cordwainer
142,関富士子,,,,,Seki,Fujiko
1209,ソローヘンリー・デイビッド,1817-07-12,1862-05-06,male,Wheeler-Minot Farmhouse,Thoreau,Henry David
2016,ダ・ヴィンチレオナルド,1452-04-15,1519-05-02,male,Anchiano,da Vinci,Leonardo
69,高野敦志,1963-00-00,,,,Takano,Atsushi
1690,高橋竜雄,1868-00-00,1946-00-00,male,Hokkaido,Takahashi,Tatsuo
59,高橋悠治,1938-00-00,,male,東京都,Takahashi,Yuji
71,立花実,1933-00-00,1968-00-00,,,Tachibana,Minoru
1765,田辺竜子,1869-02-04,1943-07-18,,,Tanabe,Tatsuko
1952,チェンバースロバート・Ｗ,1865-05-26,1933-12-16,male,Brooklyn,Chambers,Robert W.
1236,チャペックカレル,1890-01-09,1938-12-25,male,Malé Svatoňovice,Capek,Karel
66,束原和多志,,,,,Tsukahara,Watashi
117,津野海太郎,1938-04-06,,male,福岡県,Tsuno,Kaitaro
113,鶴岡雄二,1953-00-00,,,,Tsuruoka,Yuji
1150,吉田秀夫,1906-00-00,1953-00-00,male,,Yoshida,Hideo
41,徳永真一,1973-00-00,,,,Tokunaga,Shin'ichi
1800,米川正夫,1891-11-25,1965-12-29,male,,Yonekawa,Masao
55,富田倫生,1952-04-20,2013-08-16,male,広島市,Tomita,Michio
1660,中島徳蔵,1864-03-09,1940-05-31,male,,Nakajima,Tokuzo
62,西川光男,,,,,Nishikawa,Mitsuo
1237,ニューヨーク・サン紙,,,,,The New York Sun,
1784,ノイバーガーマクス,1868-12-08,1955-05-15,male,Vienna,Neuburger,Max
1739,野口英司,,,,,Noguchi,Eiji
1963,信時潔,1887-12-29,1965-08-01,male,大阪市,Nobutoki,Kiyoshi
2036,パイパーヘンリー・ビーム,1904-03-23,1964-11-06,male,Altoona,Piper,Henry Beam
723,芳賀矢一,1867-06-12,1927-02-06,male,,Haga,Yaichi
144,畑仲哲雄,1961-09,,male,大阪市,Hatanaka,Tetsuo
1721,ハッサルアーサー・ヒル,1917-12-13,1894-04-09,male,Teddington,Hassall,Arthur Hill
1725,ハバードエルバート,1856-06-19,1915-05-07,male,Bloomington,Hubbard,Elbert
143,浜野サトル,,,,,Hamano,Satoru
28,早見秋,1969-00-00,,,,Hayami,Aki
1850,バルザックオノレ・ド,1799-05-20,1850-08--18,male,Tours,Balzac,Honoré de
193,久森謙二,1940-08-09,,,,Hisamori,Kenji
138,翡翠,,,unknown,,Hisui,
2033,ヒュームデイヴィッド,1711-05-07,1776-08-25,male,Edinburgh,Hume,David
2008,平光吾一,1887-11,1967-05-12,,,Hirako,Goichi
56,平田剛士,1964-00-00,,male,広島市,Hirata,Tsuyoshi
887,ピランデルロルイジ,1867-06-28,1936-12-10,male,Agrigento,Pirandello,Luigi
1036,フィッツジェラルドフランシス・スコット,1896-9-24,1940-12-21,male,Saint Paul,Fitzgerald,Francis Scott
1917,福永信,1972-06-22,,male,東京都,Hukunaga,Thin
110,藤井貞和,1942-00-00,,male,東京,Fujii,Sadakazu
7,藤下真潮,1961-00-00,,,,Fujishita,Mashio
1885,藤野古白,1871-09-22,1895-04-12,male,,Fujino,Kohaku
2003,藤村操,1886-07-20,1903-05-22,male,北海道,Fujimura,Misao
127,藤本和子,1939-00-00,,female,東京都,Fujimoto,Kazuko
109,冬佳彰,,,,,Fuyu,Yoshiaki
915,プラトン,-0427-00-00,-0347-00-00,male,Athens,Plato,
1687,ブリュノフジャン・ド,1899-12-09,1937-10-16,male,14th arrondissement of Paris,Brunhoff,Jean de
2052,プリリューエドゥアール・エルネ,1829-01-11,1915-10-07,male,former 1st arrondissement of Paris,Prillieux,Édouard Ernest
1728,ベスコフエルサ,1874-02-11,1953-06-30,female,Maria Magdalena parish,Beskow,Elsa
1847,ヘミングウェイアーネスト・ミラー,1899-07-21,1961-07-02,male,Oak Park,Hemingway,Ernest Miller
1735,ベルトランアロイジウス,1807-04-20,1841-04-29,male,Ceva,Bertrand,Aloysius
1238,ボームライマン・フランク,1856-05-15,1919-05-06,male,Chittenango,Baum,Lyman Frank
1505,ポタービアトリクス,1866-07-28,1943-12-22,female,South Kensington,Potter,Beatrix
2043,ホワイトフレッド・Ｍ,1859-00-00,1935-00-00,,,White,Fred M
1661,増田惟茂,1883-12-29,1933-08-06,male,愛媛県,Masuda,Koreshige
167,町野修三,1943-11-18,2002-12-05,,,Machino,Shuzo
2009,マッケナリチャード・ミルトン,1913-05-09,1964-11-01,,,McKenna,Richard Milton
103,松平維秋,1946-00-00,1999-10,male,Mikawa Province,Matsudaira,Tadaaki
2051,松本竣介,1912-04-19,1948-06-08,male,東京都,Matsumoto,Shunsuke
1720,松本たかし,1906-01-05,1956-05-11,male,東京,Matsumoto,Takashi
1844,ミーゼスルートヴィヒ・フォン,1881-09-29,1973-10-10,male,Lviv,Mises,Ludwig Heinrich Edler von
1976,三木露風,1889-06-23,1964-12-29,male,龍野町,Miki,Rofu
1997,三岸好太郎,1903-04-18,1934-07-01,male,北海道,Migishi,Kotaro
1279,ミドルトンリチャード・バラム,1882-10-28,1911-12-01,male,,Middleton,Richard Barham
1740,宮川典子,1979-04-05,2019-09-12,female,山梨市,Miyakawa,Fumiko
1960,ミルンアラン・アレクザンダー,1882-01-18,1956-01-31,male,London,Milne,Alan Alexander
1992,森律子,1890-10-30,1961-07-22,female,東京都,Mori,Ritsuko
79,森野光,,,,,Morino,Mitsuru
1848,モンテーニュミシェル・エケム・ド,1533-02-28,1592-09-13,male,Saint-Michel-de-Montaigne,Montaigne,Michel Eyquem de
198,山本洋,1956-00-00,,unknown,,Yamamoto,Hiroshi
191,山本光夫,1959-00-00,,,,Yamamoto,Mitsuo
2013,吉岡禅寺洞,1889-07-02,1961-03-17,male,福岡県,Yoshioka,Zenjido
1699,ラヴクラフトハワード・フィリップス,1890-08-20,1937-03-15,male,Providence,Lovecraft,Howard Phillips
336,ラティガンテレンス,1911-06-10,1977-11-30,male,London,Rattigan,Terence
1239,ラングアンドルー,1844-03-31,1912-07-20,male,Selkirk,Lang,Andrew
1688,リヴィングストン・ジュニアヘンリー,1748-10-13,1828-02-29,male,Poughkeepsie,"Livingston, Jr.",Henry
339,ルターマルチン,1483-11-10,1546-02-18,male,Eisleben,Luther,Martin
29,レイモンドエリック,1957-12-04,,male,Boston,Raymond,Eric
1859,レ・ファニュジョゼフ・シェリダン,1814-08-28,1873-02-07,male,Dublin,Le Fanu,Joseph Sheridan
