,id,author,birthDate,deathDate,gender,birthPlace,last,first
0,148,夏目漱石,1867-02-09,1916-12-09,male,喜久井町,Natsume,Soseki
1,81,宮沢賢治,1896-08-27,1933-09-21,male,花巻川口町,Miyazawa,Kenji
2,35,太宰治,1909-06-19,1948-06-13,male,金木町,Dazai,Osamu
3,119,中島敦,1909-05-05,1942-12-04,male,四谷区,Nakajima,Atsushi
4,96,夢野久作,1889-01-04,1936-03-11,male,福岡市,Yumeno,Kyusaku
5,879,芥川竜之介,1892-03-01,1927-07-24,male,Tokyo,Akutagawa,Ryunosuke
6,196,鴨長明,1153-00-00,1216-00-00,male,平安京,Kamo,Chomei
7,74,梶井基次郎,1901-02-17,1932-03-24,male,大阪市,Kajii,Motojiro
8,296,福沢諭吉,1835-01-10,1901-02-03,male,Dōjima,Fukuzawa,Yukichi
9,156,小林多喜二,1903-10-13,1933-02-20,male,大館市,Kobayashi,Takiji
10,31,葉山嘉樹,1894-03-12,1945-10-18,male,豊津町,Hayama,Yoshiki
11,129,森鴎外,1862-02-17,1922-07-09,male,Tsuwano,Mori,Ogai
12,121,新美南吉,1913-07-30,1943-03-22,male,半田市,Niimi,Nankichi
13,1162,秋田滋,1908-07-05,1943-10-15,male,,Akita,Shigeru
14,1168,高村光太郎,1883-03-13,1956-04-02,male,下谷区,Takamura,Kotaro
15,153,石川啄木,1886-02-20,1912-04-13,male,盛岡市,Ishikawa,Takuboku
16,155,紀貫之,870-00-00,1902-08-02,male,平安京,Kino,Tsurayuki
17,1095,坂口安吾,1906-10-20,1955-02-17,male,新潟市,Sakaguchi,Ango
18,231,伊丹万作,1900-01-02,1946-09-21,male,松山市,Itami,Mansaku
19,67,萩原朔太郎,1886-11-01,1942-05-11,male,北曲輪町,Hagiwara,Sakutaro
20,1030,堀辰雄,1904-12-28,1953-05-28,male,平河町,Hori,Tatsuo
21,26,中原中也,1907-04-29,1937-10-22,male,下宇野令村,Nakahara,Chuya
22,914,ディケンズチャールズ,1812-02-07,1870-06-09,male,Landport,Dickens,Charles
23,1128,文部省,,,unknown,,Monbusho,
24,1566,柳田国男,1875-07-31,1962-08-08,male,Fukusaki,Yanagita,Kunio
25,1235,カフカフランツ,1883-07-03,1924-06-03,male,Prague,Kafka,Franz
26,183,牧野信一,1896-11-12,1936-03-24,male,小田原町,Makino,Shin'ichi
27,64,樋口一葉,1872-05-02,1896-11-23,female,東京,Higuchi,Ichiyo
28,1092,グリムヴィルヘルム・カール,1786-02-24,1859-12-16,male,Hanau,Grimm,Wilhelm Carl
29,1091,グリムヤーコプ・ルートヴィッヒ・カール,1785-01-04,1863-09-20,male,Hanau,Grimm,Jacob Ludwig Carl
30,1124,魯迅,1881-09-25,1936-10-19,male,Shaoxing,Lu Xun,
31,125,小栗虫太郎,1901-03-14,1946-02-10,male,東京都,Oguri,Mushitaro
32,19,アンデルセンハンス・クリスチャン,1805-04-02,1875-08-04,male,Odense,Andersen,Hans Christian
33,94,ポーエドガー・アラン,1809-01-19,1849-10-07,male,Boston,Poe,Edgar Allan
34,912,スウィフトジョナサン,1667-11-30,1745-10-19,male,Dublin,Swift,Jonathan
35,158,島崎藤村,1872-03-25,1943-08-22,male,馬籠宿,Shimazaki,Toson
36,214,田山花袋,1872-01-22,1930-05-13,male,館林市,Tayama,Katai
37,9,ドイルアーサー・コナン,1859-05-22,1930-07-07,male,Edinburgh,Doyle,Arthur Conan
38,1779,江戸川乱歩,1894-10-21,1965-07-28,male,名張市,Edogawa,Ranpo
39,888,スティーブンソンロバート・ルイス,1850-11-13,1894-12-03,male,Edinburgh,Stevenson,Robert Louis
40,58,伊藤左千夫,1864-09-18,1913-07-30,male,上総国,Ito,Sachio
41,329,楠山正雄,1884-11-04,1950-11-26,male,東京都,Kusuyama,Masao
42,91,尾崎紅葉,1868-01-10,1903-10-30,male,芝,Ozaki,Koyo
43,363,ドストエフスキーフィヨードル・ミハイロヴィチ,1821-11-11,1881-02-09,male,Mariinsky Hospital for the Poor,Dostoevskii,Fedor Mikhailovich
44,25,有島武郎,1878-03-04,1923-06-09,male,東京,Arishima,Takeo
45,908,坂本竜馬,1836-01-03,1867-12-10,male,Tosa Province,Sakamoto,Ryoma
46,1518,太安万侶,,0723-08-15,male,,oono,yasumaro
47,1519,稗田阿礼,0700-01-01,0800-01-01,male,,hieda,are
48,42,寺田寅彦,1878-11-28,1935-12-31,male,麹町区,Terada,Torahiko
49,52,紫式部,0973-00-00,1014-00-00,female,Heian-kyō,Murasaki Shikibu,
50,50,泉鏡花,1873-11-04,1939-09-07,male,金沢市,Izumi,Kyoka
51,65,九鬼周造,1888-02-15,1941-05-06,male,東京,Kuki,Shuzo
52,107,鈴木三重吉,1882-09-29,1936-06-27,male,広島市,Suzuki,Miekichi
53,195,尾崎放哉,1885-01-20,1926-04-07,male,鳥取県,Ozaki,Hosai
54,38,国木田独歩,1871-08-30,1908-06-23,male,銚子市,Kunikida,Doppo
55,218,三木清,1897-01-05,1945-09-26,male,兵庫県,Miki,Kiyoshi
56,6,二葉亭四迷,1864-04-04,1909-05-10,male,合羽坂,Futabatei,Shimei
57,83,菊池寛,1888-12-26,1948-03-06,male,高松市,Kikuchi,Kan
58,230,石原莞爾,1889-01-18,1949-08-15,male,鶴岡市,Ishiwara,Kanji
59,361,トルストイレオ,1828-00-00,1910-00-00,male,Yasnaya Polyana,Tolstoi,Lev
60,1383,谷崎潤一郎,1886-07-24,1965-07-30,male,日本橋区,Tanizaki,Jun'ichiro
61,20,渡辺温,1902-08-26,1930-02-10,male,北海道,Watanabe,On
62,1090,オルコットルイーザ・メイ,1832-11-29,1888-03-06,female,Germantown,Alcott,Louisa May
63,1475,小川未明,1882-04-07,1961-05-11,male,新潟県,Ogawa,Mimei
64,258,小泉八雲,1850-06-27,1904-09-26,male,Lefkada,Koizumi,Yakumo
65,1347,岡倉覚三,1863-02-14,1913-09-02,male,Yokohama,Okakura,Kakuzo
66,238,岡倉天心,1863-02-14,1913-09-02,male,横浜市,Okakura,Tenshin
67,179,黒岩涙香,1862-11-20,1920-10-06,male,川北村,Kuroiwa,Ruiko
68,961,ダンテアリギエリ,1265-00-00,1321-00-00,male,Florence,Dante,Alighieri
69,1234,愛知敬一,1880-07-25,1923-06-23,male,東京,Aichi,Keiichi
70,1097,下村湖人,1884-10-03,1955-04-20,male,,Shimomura,Kojin
71,51,幸田露伴,1867-08-20,1947-07-30,male,東京,Koda,Rohan
72,924,永井隆,1908-02-03,1951-05-01,unknown,,Nagai,Takashi
73,235,上田敏,1874-10-30,1916-07-09,male,Tokyo,Ueda,Bin
74,1176,シェリーメアリー・ウォルストンクラフト,1797-08-30,1851-02-01,female,Somers Town,Shelley,Mary Wollstonecraft
75,168,横光利一,1898-03-17,1947-12-30,male,会津若松市,Yokomitsu,Riichi
76,160,海野十三,1897-12-26,1949-05-17,male,徳島市,Unno,Juza
77,280,徳冨蘆花,1868-12-08,1927-09-18,male,水俣市,Tokutomi,Roka
78,1121,ルブランモーリス,1864-11-11,1941-11-06,male,Rouen,Leblanc,Maurice
79,1094,ユゴーヴィクトル,1802-02-26,1885-05-22,male,Besançon,Hugo,Victor
80,269,高神覚昇,1894-00-00,1948-00-00,male,Aichi,Takagami,Kakusho
81,13,八木重吉,1898-02-09,1927-10-26,male,多摩地域,Yagi,Jukichi
82,264,シェークスピアウィリアム,1546-00-00,1616-00-00,male,Stratford-upon-Avon,Shakespeare,William
83,1529,作者不詳,,,unknown,,Sakushafusho,
84,575,佐藤紅緑,1874-07-06,1949-06-03,male,親方町,Sato,Koroku
85,933,折口信夫,1887-02-11,1953-09-03,male,大阪市,Orikuchi,Shinobu
86,140,テニソンアルフレッド,1809-08-06,1892-10-06,male,Somersby,Tennyson,Alfred
87,1048,アミーチスエドモンド・デ,1846-10-31,1908-03-11,male,Oneglia,Amicis,Edmondo De
88,40,織田作之助,1913-10-26,1947-01-10,male,大阪市,Oda,Sakunosuke
89,76,岡本かの子,1889-03-01,1939-02-18,female,赤坂,Okamoto,Kanoko
90,245,加藤文太郎,1905-03-11,1936-01-05,male,兵庫県,Kato,Buntaro
91,1120,須川邦彦,1880-00-00,1949-00-00,male,,Sugawa,Kunihiko
92,1562,吉川英治,1892-08-11,1962-09-07,male,横浜市,Yoshikawa,Eiji
93,288,ハイヤームオマル,1048-00-00,1131-00-00,male,Nishapur,Khayyam,Umar
94,1045,バーネットフランシス・ホジソン・エリザ,1849-11-24,1924-10-29,female,Manchester,Burnett,Frances Eliza Hodgson
95,182,西田幾多郎,1870-06-17,1945-06-07,male,かほく市,Nishida,Kitaro
96,291,林芙美子,1903-12-31,1951-06-28,female,下関市,Hayashi,Fumiko
97,305,正岡子規,1867-10-14,1902-09-19,male,松山市,Masaoka,Shiki
98,106,北原白秋,1885-01-25,1942-11-02,male,南関町,Kitahara,Hakushu
99,5,ツルゲーネフイワン,1818-11-09,1883-09-03,male,Oryol,Turgenev,Ivan
100,885,与謝野晶子,1878-12-07,1942-05-29,female,堺市,Yosano,Akiko
101,283,中里介山,1885-04-04,1944-04-28,male,羽村市,Nakazato,Kaizan
102,1296,ランボージャン・ニコラ・アルチュール,1854-10-20,1891-11-10,male,Charleville,Rimbaud,Jean Nicolas Arthur
103,1266,牧野富太郎,1862-05-22,1957-01-18,male,佐川町,Makino,Tomitaro
104,1134,ペローシャルル,1628-01-12,1703-05-16,male,Paris,Perrault,Charles
105,1059,斎藤茂吉,1882-5-14,1953-2-25,male,上山市,Saito,Mokichi
106,250,河上肇,1879-10-20,1946-01-30,male,山口県,Kawakami,Hajime
107,1053,峠三吉,1917-02-19,1953-03-10,male,大阪市,Toge,Sankichi
108,1404,河口慧海,1866-02-26,1945-02-24,male,堺市,Kwaguchi,Ekai
109,118,長塚節,1879-04-03,1915-02-08,male,茨城県,Nagatsuka,Takashi
110,1072,和田万吉,1865-10-07,1934-11-21,male,大垣市,Wada,Mankichi
111,1395,和辻哲郎,1889-03-01,1960-12-26,male,姫路市,Watsuji,Tetsuro
112,1044,ド・ラ・ラメーマリー・ルイーズ,1839-01-01,1908-01-25,female,Bury St Edmunds,de la Ramee,Marie Louise
113,126,田中英光,1913-01-10,1949-11-03,male,東京,Tanaka,Hidemitsu
114,14,村山槐多,1896-09-15,1919-02-20,male,額田郡,Murayama,Kaita
115,256,倉田百三,1891-02-23,1943-02-12,male,庄原市,Kurata,Hyakuzo
116,1341,永井荷風,1879-12-03,1959-04-30,male,東京,Nagai,Kafu
117,293,原民喜,1905-11-15,1951-03-13,male,広島市,Hara,Tamiki
118,372,桑原隲蔵,1871-01-27,1931-05-24,male,敦賀市,Kuwabara,Jitsuzo
119,34,内村鑑三,1861-03-26,1930-03-28,male,小石川,Uchimura,Kanzo
120,1028,イプセンヘンリック,1828-03-20,1906-05-23,male,Stockmanngården,Ibsen,Henrik
121,311,宮本百合子,1899-02-13,1951-01-21,female,小石川区,Miyamoto,Yuriko
122,82,岡本綺堂,1872-11-15,1939-03-01,male,高輪,Okamoto,Kido
123,1245,会津八一,1881-08-01,1956-11-21,male,新潟市,Aizu,Yaichi
124,1029,デカルトルネ,1596-00-00,1650-00-00,male,Descartes,Descartes,Rene
125,1025,ゲーテヨハン・ヴォルフガング・フォン,1749-08-28,1832-03-22,male,Frankfurt,Goethe,Johann Wolfgang von
126,1403,北大路魯山人,1883-03-23,1959-12-21,male,京都市,Kitaoji,Rosanjin
127,93,南方熊楠,1867-05-18,1941-12-29,male,和歌山市,Minakata,Kumagusu
128,1034,浅野和三郎,1874-08,1937-02-03,male,源清田村 ( -1889),Asano,Wasaburo
129,1465,東健而,1889-00-00,1933-00-00,male,,Azuma,Kenji
130,146,種田山頭火,1882-12-03,1940-10-11,male,防府市,Taneda,Santoka
131,1839,荒木光二郎,,,male,unknown,Araki,Kojiro
132,1264,榎本武揚,1836-10-05,1908-10-26,male,御徒町,Enomoto,Takeaki
133,354,勝海舟,1823-03-12,1899-01-19,male,両国,Katsu,Kaishu
134,535,桐生悠々,1873-05-20,1941-09-10,male,金沢市,Kiryu,Yuyu
135,1257,アーヴィングワシントン,1783-04-03,1859-11-28,male,New York City,Irving,Washington
136,718,新渡戸稲造,1862-09-01,1933-10-16,male,盛岡市,Nitobe,Inazo
137,903,モーパッサンギ・ド,1850-08-05,1893-07-06,male,Dieppe,Maupassant,Guy De
138,226,アレニウススヴァンテ,1859-02-19,1927-10-02,male,Wik Castle,Arrhenius,Svante
139,969,杉山萠円,1889-01-04,1936-03-11,male,Tokyo,Sugiyama,Hoen
140,124,小熊秀雄,1901-09-09,1940-11-20,male,小樽市,Oguma,Hideo
141,1155,チェーホフアントン,1860-01-17,1904-07-02,male,Taganrog,Chekhov,Anton
142,1843,アレンリリー・Ｌ,1867-12-30,1952-02-14,female,,Allen,Lily L.
143,216,直木三十五,1891-02-12,1934-02-24,male,大阪市,Naoki,Sanjugo
144,154,田中貢太郎,1880-03-02,1941-02-01,male,日本,Tanaka,Kotaro
145,279,徳冨健次郎,1868-12-08,1927-09-18,male,Minamata,Tokutomi,Kenjiro
146,997,北条民雄,1914-09-22,1937-12-05,male,京城府,Hojo,Tamio
147,1216,井原西鶴,1642-00-00,1693-09-09,male,中津村,Ihara,Saikaku
148,286,野口雨情,1882-05-29,1945-01-27,male,Isohara,Noguchi,Ujo
149,1579,室生犀星,1889-08-01,1962-03-26,male,金沢市,Murou,Saisei
150,1093,ロランロマン,1866-01-29,1944-12-30,male,Clamecy,Rolland,Romain
151,1189,ジェファーソントマス,1743-04-13,1826-07-04,male,Shadwell,Jefferson,Thomas
152,1430,ウェルズハーバート・ジョージ,1866-09-21,1946-08-13,male,Bromley,Wells,Herbert George
153,1320,西郷隆盛,1828-01-23,1877-09-24,male,加治屋町,Saigo,Takamori
154,57,福田英子,1865-11-22,1927-05-02,female,備前国,Fukuda,Hideko
155,1085,イエイツウィリアム・バトラー,1865-06-13,1939-01-28,male,Sandymount,Yeats,William Butler
156,1380,石川欣一,1895-03-17,1959-08-04,unknown,,Ishikawa,Kinichi
157,207,ゴーゴリニコライ,1809-03-12,1852-02-21,male,Velyki Sorochyntsi,Gogol,Nikolai
158,1528,日本国,,,unknown,,Nihonkoku,
159,1224,久生十蘭,1902-04-06,1957-10-06,male,函館市,Hisao,Juran
160,906,豊島与志雄,1890-11-27,1955-06-18,male,福岡県,Toyoshima,Yoshio
161,968,かぐつちみどり,1889-01-04,1936-03-11,male,Tokyo,Kagutsuchi,Midori
162,1351,池田蕉園,1886-05-13,1917-12-01,female,神田区,Ikeda,Shoen
163,351,増田雅子,1880-05-06,1946-09-02,female,Japan,Masuda,Masako
164,318,山川登美子,1879-07-19,1909-04-15,female,遠敷郡,Yamakawa,Tomiko
165,1099,ホーマー,,,unknown,,Homer,
166,1160,池田菊苗,1864-00-00,1936-05-03,male,京都市,Ikeda,Kikunae
167,1159,佐野昌一,1897-12-26,1949-05-17,male,Tokushima,Sano,Shoichi
168,1421,阿部次郎,1883-08-27,1959-10-20,male,,Abe,Jiro
169,11,立原道造,1914-07-30,1939-03-29,male,東京,Tachihara,Michizo
170,1869,山本周五郎,1903-06-22,1967-02-14,male,大月市,Yamamoto,Shugoro
171,827,森本薫,1912-06-04,1946-10-06,male,東淀川区,Morimoto,Kaoru
172,966,海若藍平,1889-01-04,1936-03-11,male,Tokyo,Kaijaku,Ranpei
173,1119,岩波茂雄,1881-08-27,1946-04-25,male,諏訪市,Iwanami,Shigeo
174,1569,中谷宇吉郎,1900-07-04,1962-04-11,male,加賀市,Nakaya,Ukichiro
175,1049,ファーブルジャン・アンリ,1823-12-23,1915-10-11,male,Saint-Léons,Fabre,Jean Henri
176,281,戸坂潤,1900-09-27,1945-08-09,male,東京,Tosaka,Jun
177,1734,石波杏,1982-00-00,,male,Ibaraki,Ishinami,Kyo
178,157,北村透谷,1868-12-29,1894-05-16,male,小田原町,Kitamura,Tokoku
179,989,三遊亭円朝,1839-05-13,1900-08-11,male,Edo,San'yutei,Encho
180,1477,陳寿,233-00-00,297-00-00,male,Baxi Jun,Chen,Shou
181,1429,石原純,1881-1-15,1947-1-19,male,東京,Ishiwara,Atsushi
182,726,長谷川時雨,1879-10-01,1941-08-22,female,東京,Hasegawa,Shigure
183,1011,波多野精一,1877-07-21,1950-01-17,male,松本市,Hatano,Seiichi
184,886,泉鏡太郎,1873-11-04,1939-09-07,male,Kanazawa,Izumi,Kyotaro
185,981,巌谷小波,1870-07-04,1933-09-05,male,Kōjimachi-ku,Iwaya,Sazanami
186,136,山村暮鳥,1884-01-10,1924-12-08,male,長岡市,Yamamura,Bocho
187,261,幸徳秋水,1871-11-05,1911-01-24,male,中村市,Kotoku,Shusui
188,284,内藤湖南,1866-08-26,1934-06-26,male,毛馬内町,Naito,Konan
189,1875,壺井栄,1899-08-05,1967-06-23,female,小豆島町,Tsuboi,Sakae
190,649,田中正造,1841-12-15,1913-09-04,male,佐野市,Tanaka,Shozo
191,355,上村松園,1875-04-23,1949-08-27,female,京都市,Uemura,Shoen
192,1277,ガンジーマハトマ,1869-10-02,1948-01-30,male,Porbandar,Gandhi,Mahatma
193,1311,三好十郎,1902-04-21,1958-12-16,male,佐賀市,Miyoshi,Juro
194,259,小出楢重,1887-10-13,1931-02-13,male,大阪市,Koide,Narashige
195,190,大手拓次,1887-12-03,1934-04-18,male,,Ote,Takuji
196,506,河合栄治郎,1891-02-13,1944-02-15,male,東京都,Kawai,Eijiro
197,1749,三好達治,1900-08-23,1964-04-05,male,西区,Miyoshi,Tatsuji
198,1047,マロエクトール・アンリ,1830-05-20,1907-07-17,male,La Bouille,Malot,Hector Henri
199,1021,井上円了,1858-03-18,1919-06-06,male,来迎寺村,Inoue,Enryo
200,595,島田清次郎,1899-02-26,1930-04-29,male,白山市,Shimada,Seijiro
201,1052,久坂葉子,1931-03-27,1952-12-31,female,神戸市,Kusaka,Yoko
202,1541,高山毅,1911-08-01,1961-10-28,male,unknown,Takayama,Tsuyoshi
203,1558,古川緑波,1903-08-13,1961-01-16,male,Kōjimachi-ku,Furukawa,Roppa
204,23,徳田秋声,1872-02-01,1943-11-18,male,金沢市,Tokuda,Shusei
205,1312,木村荘八,1893-08-21,1958-11-18,male,東京都,Kimura,Shohachi
206,77,押川春浪,1876-03-21,1914-11-16,male,松山市,Oshikawa,Shunro
207,1416,田山録弥,1872-01-22,1930-05-13,male,Tatebayashi,Tayama,Rokuya
208,1398,高木貞治,1875-04-21,1960-02-28,male,春日村,Takagi,Teiji
209,1088,プーシキンアレクサンドル・セルゲーヴィチ,1799-05-26,1837-01-17,male,Moscow,Pushkin,Aleksandr Sergeevich
210,61,橋本進吉,1882-12-24,1945-01-30,male,敦賀市,Hashimoto,Shinkichi
211,1536,桂三木助,1902-03-28,1961-01-16,unknown,,Katsura,Mikisuke
212,169,大杉栄,1885-01-17,1923-09-16,male,丸亀市,Osugi,Sakae
213,1570,小倉金之助,1885-03-14,1962-10-21,male,山形県,ogura,kinnosuke
214,967,香倶土三鳥,1889-01-04,1936-03-11,male,Tokyo,Kagutsuchi,Midori
215,984,葛西善蔵,1887-01-16,1928-07-23,male,弘前市,Kasai,Zenzo
216,8,島木健作,1903-09-07,1945-08-17,male,札幌市,Shimaki,Kensaku
217,89,北一輝,1883-04-03,1937-08-19,male,加茂郡,Kita,Ikki
218,271,高山樗牛,1871-02-28,1902-12-24,male,鶴岡市,Takayama,Chogyu
219,1293,小野佐世男,1905-02-06,1954-02-01,male,横浜市,Ono,Saseo
220,227,生田春月,1892-03-12,1930-05-19,male,,Ikuta,Shungetsu
221,1520,柳宗悦,1889-03-21,1961-05-03,male,東京都,Yanagi,Muneyoshi
222,224,小泉節子,1868-02-04,1932-02-18,female,,Koizumi,Setsuko
223,301,穂積陳重,1855-08-23,1926-04-07,male,宇和島市,Hozumi,Nobushige
224,1156,ルナールジュール,1864-02-22,1910-05-22,male,Châlons-du-Maine,Renard,Jules
225,922,末弘厳太郎,1888-11-30,1951-09-11,male,山口県,Suehiro,Izutaro
226,1364,ニューコムシモン,1835-00-00,1909-00-00,male,Nova Scotia,Newcomb,Simon
227,1242,坪井正五郎,1863-02-22,1913-05-26,male,江戸,Tsuboi,Shogoro
228,1065,高田力,,1950-00-00,male,,Takata,Tsutomu
229,1081,土井晩翠,1871-12-05,1952-10-19,male,仙台市,Doi,Bansui
230,1584,秋田雨雀,1883-01-30,1962-05-12,male,青森県,Akita,Ujyaku
231,1217,ヴァレリーポール,1871-10-30,1945-07-20,male,Sète,Valery,Paul
232,564,斎藤秀三郎,1866-02-16,1929-11-09,male,仙台市,Saito,Hidesaburo
233,416,伊藤野枝,1895-01-21,1923-09-16,female,福岡市,Ito,Noe
234,1581,正宗白鳥,1879-03-03,1962-10-28,male,備前市,Masamune,Hakucho
235,1695,飯田蛇笏,1885-04-26,1962-10-03,male,五成村,Iida,Dakotsu
236,1305,羽志主水,1884-06-03,1957-02-26,male,長野市,hashi,mondo
237,63,宮武外骨,1867-02-22,1955-07-28,male,讃岐国,Miyatake,Gaikotsu
238,270,高村光雲,1852-03-08,1934-10-10,male,Shitaya,Takamura,Koun
239,748,平田晋策,1904-03-06,1936-01-28,male,unknown,Hirata,Shinsaku
240,1310,高浜虚子,1874-02-22,1959-04-08,male,松山市,Takahama,Kyoshi
241,1331,秋月種樹,1833-11-28,1904-10-17,male,,Akizuki,Tanetatsu
242,1332,佐藤一斎,1772-11-14,1859-10-19,male,日本橋浜町,Sato,Issai
243,1166,中井正一,1900-02-14,1952-05-18,male,広島県,Nakai,Masakazu
244,1568,妹尾アキ夫,1892-03-04,1962-04-19,male,Tsuyama,Senoo,Akio
245,1313,正岡容,1904-12-20,1958-12-07,male,東京都,Masaoka,Iruru
246,1344,喜田貞吉,1871-07-11,1939-07-03,male,櫛渕町,Kita,Sadakichi
247,1648,土谷麓,1914-03-30,1962-09-03,male,unknown,Tsuchiya,Fumoto
248,340,ガールシンフセヴォロド・ミハイロヴィチ,1855-02-14,1888-04-05,male,Russia,Garshin,Vsevolod Mikhailvich
249,368,添田唖蝉坊,1872-12-25,1944-02-08,male,Kanagawa Prefecture,Soeda,Azenbo
250,1733,フリーマンリチャード オースティン,1862-04-11,1943-09-28,male,Marylebone,Freeman,Richard Austin
251,1420,中山太郎,1876-11-13,1947-06-13,male,大阪市,Nakayama,Taro
252,1668,西東三鬼,1900-05-15,1962-04-01,male,岡山県,Saito,Sanki
253,1125,井上紅梅,1881-00-00,1950-00-00,male,,Inoue,Kobai
254,1263,服部之総,1901-09-24,1956-03-04,male,,Hattori,Shiso
255,2034,井上基志,,,unknown,unknown,Inoue,Motoshi
256,843,山田美妙,1868-08-25,1910-10-24,male,神田,Yamada,Bimyo
257,255,国枝史郎,1887-10-10,1943-04-08,male,,Kunieda,Shiro
258,150,薄田泣菫,1877-05-19,1945-10-09,male,岡山県,Susukida,Kyukin
259,1248,佐藤垢石,1888-06-18,1956-07-04,male,,Sato,Koseki
260,1068,釈迢空,1887-02-11,1953-09-03,male,Osaka,Shaku,Choku
261,1499,外村繁,1902-12-23,1961-07-28,male,東近江市,Tonomura,Shigeru
262,905,ホーソーンナサニエル,1804-07-04,1864-05-19,male,Salem,Hawthorne,Nathaniel
263,1488,火野葦平,1907-01-25,1960-01-24,male,北九州市,Hino,Ashihei
264,310,三上於菟吉,1891-02-04,1944-02-07,male,埼玉県,Mikami,Otokichi
265,1349,武田祐吉,1886-05-05,1958-03-29,male,東京,Takeda,Yukichi
266,1468,賀川豊彦,1888-07-10,1960-04-23,male,神戸市,Kagawa,Toyohiko
267,1143,西尾正,1907-12-12,1949-03-10,male,東京都,Nishio,Tadashi
268,1487,浅沼稲次郎,1898-12-27,1960-10-12,male,三宅島,Asanuma,Inejiro
269,1789,日本経済新聞社,,,unknown,,Nihon Keizai Shinbunsha,
270,1212,中江兆民,1847-12-08,1901-12-13,male,高知市,Nakae,Chomin
271,1417,中江篤介,1847-12-08,1901-12-13,male,Kochi,Nakae,Tokusuke
272,1535,津田左右吉,1873-10-03,1961-12-04,male,下米田村,Tsuda,Sokichi
273,315,森林太郎,1862-02-17,1922-07-09,male,Tsuwano,Mori,Rintaro
274,1211,清沢満之,1863-08-10,1903-06-06,male,名古屋市,Kiyozawa,Manshi
275,1669,大倉燁子,1886-04-12,1960-07-18,female,東京都,Okura,Teruko
276,1340,ブラウニングロバート,1812-05-07,1889-12-12,male,London,Browning,Robert
277,1153,長岡半太郎,1865-08-19,1950-12-11,male,大村市,Nagaoka,Hantaro
278,289,浜尾四郎,1896-04-24,1935-10-29,male,Kōjimachi-ku,Hamao,Shiro
279,1329,ウォルトンみちよ,,,unknown,unknown,Walton,Michiyo
280,248,上司小剣,1874-12-15,1947-09-02,male,,Kamitsukasa,Shoken
281,1205,下村千秋,1893-09-04,1955-01-31,male,,Shimomura,Chiaki
282,810,村井弦斎,1863-12-18,1927-07-30,male,,Murai,Gensai
283,1157,神西清,1903-11-15,1957-03-11,male,東京市,Jinzai,Kiyoshi
284,1578,今村明恒,1870-06-14,1948-01-01,male,鹿児島市,Imamura,Akitsune
285,1127,狩野直喜,1868-02-11,1947-12-13,male,肥後国,Kano,Naoki
286,1407,ストレイチーリットン,1880-03-01,1932-01-21,male,London,Strachey,Lytton
287,276,知里幸恵,1903-06-08,1922-09-18,female,登別市,Chiri,Yukie
288,1539,片山敏彦,1898-11-05,1961-10-11,male,,Katayama,Toshihiko
289,320,与謝野寛,1873-02-26,1935-03-26,male,Okazaki,Yosano,Hiroshi
290,1612,江森盛弥,1903-08-18,1960-04-05,unknown,unknown,Emori,Moriya
291,525,木下尚江,1869-10-12,1937-11-05,male,松本市,Kinoshita,Naoe
292,325,蘭郁二郎,1913-09-02,1944-01-05,male,東京都,Ran,Ikujiro
293,1397,橘外男,1894-10-10,1959-07-09,male,,Tachibana,Sotoo
294,1142,酒井嘉七,1903-00-00,1946-00-00,male,,Sakai,Kashichi
295,1454,伊藤永之介,1903-11-21,1959-07-26,male,秋田市,Ito,Einosuke
296,1425,小寺菊子,1883-08-07,1956-11-26,female,,Kodera,Kikuko
297,260,甲賀三郎,1893-10-05,1945-02-14,male,日野町,Koga,Saburo
298,268,関根金次郎,1868-04-01,1946-03-12,male,Chiba Prefecture,Sekine,Kinjiro
299,1399,マクラウドフィオナ,1855-09-12,1905-12-12,male,Paisley,Macleod,Fiona
300,1325,上村経吉,1868-04-28,1922-11-21,male,Japan,Uemura,Tsunekichi
301,1326,小笠原長生,1867-12-15,1958-09-20,male,佐賀県,Ogasawara,Nganari
302,236,大阪圭吉,1912-03-20,1945-07-02,male,新城市,Osaka,Keikichi
303,1346,片山広子,1878-02-10,1957-03-19,female,東京,Katayama,Hiroko
304,1486,佐藤緑葉,1886-07-01,1960-09-02,male,,Sto,Ryokuyo
305,75,リルケライネル・マリア,1875-12-04,1926-12-29,male,Prague,Rilke,Rainer Maria
306,262,小酒井不木,1890-10-08,1929-04-01,male,愛知県,Kosakai,Fuboku
307,1179,土田耕平,1895-01-25,1940-08-12,male,,Tsuchida,Kohei
308,1497,吉井勇,1886-10-08,1960-11-19,male,東京,Yoshii,Isamu
309,1054,浜田青陵,1881-02-22,1938-07-25,male,Kishiwada,Hamada,Seiryo
310,740,原口統三,1927-01-14,1946-10-25,male,,Haraguchi,Tozo
311,1479,風巻景次郎,1902-05-22,1960-01-04,male,兵庫県,Kazamaki,Keijiro
312,95,佐々木直次郎,1901-03-27,1943-05-24,male,小松市,Sasaki,Naojiro
313,241,小栗風葉,1875-02-03,1926-01-15,male,半田市,Oguri,Fuyo
314,1195,ダビットヤーコプ・ユリウス,1859-00-00,1906-00-00,male,Hranice,David,Jakob Julius
315,1372,柴崎芳太郎,1876-08-13,1938-01-29,male,,Shibazaki,Yoshitaro
316,684,内藤鳴雪,1847-05-29,1926-02-20,male,江戸,Naito,Meisetsu
317,1702,ベートーヴェンルートヴィヒ・ヴァン,1770-12,1827-03-26,male,Bonn,Beethoven,Ludwig van
318,1190,アルテンベルクペーター,1859-03-09,1919-01-08,male,Austria,ALTENBERG,PETER
319,252,金史良,1914-03-03,1950-00-00,male,Pyongyang,Kim,Sa-ryang
320,488,小柳司気太,1870-12-24,1940-07-18,male,,Oyanagi,Shigeta
321,275,近松秋江,1876-05-04,1944-04-23,male,岡山県,Chikamatsu,Shuko
322,1193,オイレンベルクヘルベルト,1876-01-25,1949-09-04,male,Cologne,Eulenberg,Herbert
323,1308,徳永直,1899-01-20,1958-02-15,male,花園村,Tokunaga,Sunao
324,1192,ホーフマンスタールフーゴー・フォン,1874-02-01,1929-07-15,male,Vienna,Hofmannsthal,Hugo von
325,978,竹越与三郎,1865-11-22,1950-01-12,male,Honjō-shuku,Takekoshi,Yosaburo
326,1229,クロポトキンピョートル・アレクセーヴィチ,1842-12-09,1921-02-08,male,Russia,Kropotkin,Pyotr Alkseevich
327,1272,溝口健二,1898-05-16,1956-08-24,male,東京都,Mizoguchi,Kenji
328,603,白鳥庫吉,1865-03-01,1942-04-01,male,茂原市,Shiratori,Kurakichi
329,134,佐左木俊郎,1900-04-14,1933-03-13,male,一栗村,Sasaki,Toshiro
330,304,牧逸馬,1900-01-17,1935-06-29,male,Sado district,Maki,Itsuma
331,1543,犬養健,1896-07-28,1960-08-28,male,東京,Inukai,Takeru
332,10,大久保ゆう,1982-00-00,,male,Kyoto Prefecture,Okubo,Yu
333,712,成島柳北,1837-03-22,1884-11-30,male,,Narushima,Ryuhoku
334,1575,濹上漁史,1837-03-22,1884-11-30,male,Tokyo,Bokujogyoshi,
335,48,南部修太郎,1892-10-12,1936-06-22,male,仙台市,Nanbu,Shutaro
336,1151,久米正雄,1891-11-23,1952-03-01,male,上田市,Kume,Masao
337,247,加能作次郎,1885-01-10,1941-08-05,male,,Kano,Sakujiro
338,930,山本禾太郎,1889-02-28,1951-03-16,male,神戸市,Yamamoto,Nogitaro
339,162,若山牧水,1885-08-24,1928-09-17,male,東郷町,Wakayama,Bokusui
340,388,淡島寒月,1859-11-17,1926-02-23,male,日本橋馬喰町,Awashima,Kangetsu
341,102,石橋忍月,1865-10-20,1926-02-01,male,福岡県,Ishibashi,Ningetsu
342,1154,岸田国士,1890-11-02,1954-03-05,male,Tokyo,Kishida,Kunio
343,212,竹久夢二,1884-09-16,1934-09-01,male,本庄村,Takehisa,Yumeji
344,457,大槻文彦,1847-12-22,1928-02-17,male,木挽町,Otsuki,Fumihiko
345,963,野上豊一郎,1883-09-14,1950-02-23,male,臼杵市,Nogami,Toyoichiro
346,1261,邦枝完二,1892-12-28,1956-08-02,male,東京都,Kunieda,Kanji
347,1222,高楠順次郎,1866-06-29,1945-06-28,male,三原市,Takakusu,Junjiro
348,1865,大堀竜太郎,,,unknown,unknown,Ohori,Ryutaro
349,1306,川田功,1882-00-00,1931-00-00,male,Japan,Kawada,Isao
350,278,津村信夫,1909-01-05,1944-06-27,male,神戸市,Tsumura,Nobuo
351,1178,テーラージェーン,1783-00-00,1824-00-00,unknown,,Taylor,Jane
352,1370,豊田三郎,1907-02-12,1959-11-18,male,下味見村,Toyoda,Saburo
353,221,平林初之輔,1892-11-08,1931-06-15,male,京都府,Hirabayashi,Hatsunosuke
354,606,杉田久女,1890-05-30,1946-01-21,female,鹿児島市,Sugita,Hisajo
355,754,福士幸次郎,1889-11-05,1946-10-11,male,弘前市,Fukushi,Kojiro
356,290,林不忘,1900-01-17,1935-06-29,male,Sado district,Hayashi,Fubo
357,565,斎藤緑雨,1868-01-24,1904-04-13,male,三重県,Saito,Ryokuu
358,959,相馬御風,1883-07-10,1950-05-08,male,糸魚川町,Soma,Gyofu
359,1123,チェスタートンギルバート・キース,1874-05-29,1936-06-14,male,Kensington,Chesterton,Gilbert Keith
360,72,山中貞雄,1909-11-07,1938-09-17,male,Kyoto,Yamanaka,Sadao
361,1703,ヴェーゲラーフランツ・ゲルハルト,1765-08-02,1848-05-07,male,Bonn,Wegeler,Franz Gerhard
362,491,片岡鉄兵,1894-02-02,1944-12-25,male,岡山県,Kataoka,Teppei
363,492,片上伸,1884-02-20,1928-03-05,male,愛媛県,Katagami,Noburu
364,1931,岡田武松,1874-08-17,1956-09-02,male,布佐町,Okada,Takematsu
365,1073,高田保,1895-03-28,1952-02-20,male,新治郡,Takada,Tamotsu
366,1704,ブロイニングエレオノーレ・フォン,1771-00-00,1841-00-00,female,Germany,Breuning,Eleonore von
367,1732,ボードレールシャルル・ピエール,1821-04-09,1867-08-31,male,former 11th arrondissement of Paris,Baudelaire,Charles Pierre
368,1294,兼常清佐,1885-11-22,1957-04-25,male,,Kanetsune,Kiyosuke
369,577,佐藤惣之助,1890-12-03,1942-05-15,male,仙台市,Sato,Sonosuke
370,159,辻潤,1884-10-04,1944-11-24,male,東京,Tsuji,Jun
371,1149,マルサストマス・ロバート,1766-02-13,1834-12-29,male,Westcott,Malthus,Thomas Robert
372,1251,ゴールドマンエマ,1869-06-27,1940-05-14,female,Kaunas,Goldman,Emma
373,165,内田魯庵,1868-04-27,1929-06-29,male,江戸,Uchida,Roan
374,1392,長谷健,1904-10-17,1957-12-21,male,梁川町,Hase,Ken
375,1577,服部宇之吉,1867-06-02,1939-07-11,male,,Hattori,Unokichi
376,1368,山本実彦,1885-01-05,1952-07-01,male,薩摩川内市,Yamamoto,Sanehiko
377,1533,宇野浩二,1891-07-26,1961-09-21,male,福岡市,Uno,Koji
378,526,木下利玄,1886-01-01,1925-02-15,male,岡山市,Kinoshita,Rigen
379,1147,相馬愛蔵,1870-11-08,1954-02-14,male,穂高町,Soma,Aizo
380,1148,相馬黒光,1876-09-12,1955-03-02,female,仙台市,Soma,Kokko
381,1542,青野季吉,1890-02-24,1961-06-23,male,佐渡市,Aono,Suekichi
382,1086,ゴーチェテオフィル,1811-08-30,1872-10-23,male,Tarbes,Gautier,Theophile
383,1521,長与善郎,1888-08-06,1961-10-29,male,Tokyo Prefecture,Nagayo,Yoshiro
384,1231,松本文三郎,1869-00-00,1944-12-18,male,,Matsumoto,Bunzaburo
385,1481,三木貞一,1861-00-00,1933-00-00,male,Japan,Miki,Teiichi
386,249,嘉村礒多,1897-12-15,1933-11-30,male,山口市,Kamura,Isota
387,1082,相馬泰三,1885-12-29,1952-05-15,male,,Soma,Taizo
388,112,水野仙子,1888-12-03,1919-05-31,female,須賀川市,Mizuno,Senko
389,1172,村山籌子,1903-11-07,1946-08-04,female,,Murayama,Kazuko
390,1295,レスコーフニコライ・セミョーノヴィチ,1831-02-16,1895-03-05,male,,Leskov,Nikolai Semyonovich
391,1396,原田義人,1918-08-05,1960-08-01,male,東京都,Harada,Yoshito
392,237,大町桂月,1869-03-06,1925-06-10,male,高知市,Omachi,Keigetsu
393,1101,ミルトンジョン,1608-12-09,1674-11-08,male,Cheapside,Milton,John
394,1374,大下藤次郎,1870-07-09,1911-10-10,male,東京都,Oshita,Tojiro
395,1379,小川登喜男,1908-00-00,1949-00-00,male,東京都,Ogawa,Tokio
396,1381,石井柏亭,1882-03-28,1958-12-29,male,御徒町,Ishii,Hakutei
397,141,坪内逍遥,1859-06-22,1935-02-28,male,太田宿,Tsubouchi,Shoyo
398,1037,原勝郎,1871-04-15,1924-01-12,male,山武郡,Hara,Katsuro
399,163,若松賤子,1864-04-06,1896-02-10,female,会津若松市,Wakamatsu,Shizuko
400,1476,大鹿卓,1898-08-25,1959-02-01,male,,Oshika,Taku
401,348,范曄,398-00-00,445-00-00,male,Jin dynasty,Fan,Ye
402,1567,橘樸,1881-10-14,1945-10-25,male,臼杵市,Tachibana,Shiraki
403,1337,阪井久良伎,1869-00-00,1945-00-00,unknown,Yokohama,sakai,Kuraki
404,802,三宅花圃,1869-02-04,1943-07-18,female,東京都,Miyake,Kaho
405,1375,鵜殿正雄,1877-00-00,1945-00-00,unknown,unknown,Udono,Masao
406,1373,木暮理太郎,1873-00-00,1944-05-07,male,,Kogure,Ritaro
407,1228,辻村もと子,1906-02-11,1946-05-24,female,北海道,Tsujimura,Motoko
408,1017,三上義夫,1875-02-16,1950-12-31,male,安芸高田市,Mikami,Yoshio
409,220,吉江喬松,1880-09-05,1940-03-26,male,塩尻市,Yoshie,Takamatsu
410,1389,シュウォッブマルセル,1867-08-25,1905-02-26,male,Chaville,Schwob,Marcel
411,940,別所梅之助,1872-01-21,1945-03-01,male,東京都,Bessho,Umenosuke
412,1388,新島襄,1843-02-12,1890-01-23,male,神田,Niijima,Jo
413,111,佐々木味津三,1896-03-18,1934-02-06,male,,Sasaki,Mitsuzo
414,1062,ストリンドベリアウグスト,1849-00-00,1912-00-00,male,Storkyrkoförsamlingen,Strindberg,August
415,1595,井上準之助,1869-05-06,1932-02-09,male,日田県,Inoue,Junnosuke
416,970,とだけん,1889-01-04,1936-03-11,male,Tokyo,Toda,Ken
417,1262,土原耕作,1889-01-04,1936-03-11,male,Tokyo,Tsuchihara,Kosaku
418,342,柴田流星,1879-02-28,1913-09-27,male,Japan,Shibata,Ryusei
419,1066,ビアスアンブローズ,1842-00-00,1914-00-00,male,Meigs County,Bierce,Ambrose
420,338,フランスアナトール,1844-04-16,1924-10-12,male,Paris,France,Anatole
421,1428,アインシュタインアルベルト,1879-03-14,1955-04-18,male,Ulm,Einstein,Albert
422,374,饗庭篁村,1855-09-25,1922-06-20,male,東京市,Aeba,Koson
423,1314,青柳喜兵衛,1904-01-01,1938-08-28,male,unknown,Aoyagi,Kihei
424,1990,芥川紗織,1924-05-24,1966-01-31,female,Takashi,Akutagawa,Saori
425,347,小川亮作,1910-00-00,1951-00-00,unknown,unknown,Ogawa,Ryosaku
426,380,浅井洌,1849-10-10,1938-02-27,male,,Asai,Retsu
427,1816,浅野正恭,1868-01-22,1954-10-20,male,源清田村 (1889-1942),Asano,Masayasu
428,225,阿部徳蔵,1889-00-00,1944-00-00,male,unknown,Abe,Tokuzo
429,1909,安倍能成,1883-12-23,1966-06-07,male,松山市,Abe,Yoshishige
430,1948,鮎川義介,1880-11-06,1967-02-13,male,山口市,Ayukawa,Yoshisuke
431,1902,新井紀一,1890-02-22,1966-03-13,male,,Arai,Kiichi
432,1716,アラルコンペドロ・アントニオ,1833-01-10,1891-07-19,male,Spain,Alarcon,Pedro Antonio
433,1221,荻原雲来,1869-03-22,1937-12-20,male,,Ogiwara,Unrai
434,2044,奥増夫,,,unknown,unknown,Oku,Masuo
435,366,アルチバシェッフミハイル・ペトローヴィチ,1878-11-05,1927-03-03,male,Dobroslavivka,Artsybashev,Mikhail Petrovich
436,1863,安西冬衛,1898-03-09,1965-08-24,male,奈良県,Anzai,Huyue
437,907,アンドレーエフレオニード・ニコラーエヴィチ,1871-00-00,1919-00-00,male,Oryol,Andreev,Leonid Nikolaevich
438,1597,李箱,1910-09-14,1937-04-17,male,Jong-ro,I,Sang
439,1626,猪狩満直,1898-05-09,1938-04-17,male,,Ikari,Mitsunao
440,392,生田葵山,1876-04-14,1945-12-31,male,Japan,Ikuta,Kizan
441,393,生田長江,1882-04-21,1936-01-11,male,日野町,Ikuta,Choko
442,1413,池田亀鑑,1896-12-09,1956-12-19,male,,Ikeda,Kikan
443,1352,池田輝方,1833-01-04,1921-05-06,male,東京都,Ikeda,Terukata
444,398,池谷信三郎,1900-10-15,1933-12-21,male,京橋区,Iketani,Shinsaburo
445,868,池宮城積宝,1893-00-00,1951-00-00,male,Okinawa,Ikemiyagi,Sekiho
446,228,井沢衣水,1889-00-00,1967-08-14,male,Tochigi?,Izawa,Isui
447,1252,石井研堂,1865-00-00,1943-00-00,male,,Ishii,Kendo
448,1460,尾佐竹猛,1880-01-20,1946-10-01,male,,Osatake,Takeki
449,1170,石川三四郎,1876-05-23,1956-11-28,male,埼玉県,Ishikawa,Sanshiro
450,1835,石川成章,1872-07-26,1945-09-06,male,,Ishikawa,Seisho
451,1478,石川千代松,1860-01-08,1935-01-17,male,江戸,Ishikawa,Chiyomatsu
452,1206,石河幹明,1859-11-11,1943-07-25,male,,Ishikawa,Mikiaki
453,229,石田孫太郎,1874-00-00,1936-00-00,male,,Ishida,Magotaro
454,1742,石原忍,1879-09-25,1963-01-03,male,東京府,Ishihara,Shinobu
455,1665,泉芳朗,1905-03-18,1959-04-09,male,,Izumi,Horo
456,864,板倉勝宣,1898-02-12,1923-01-17,male,東京府,Itakura,Katsunobu
457,412,市島春城,1860-03-09,1944-04-21,male,Agano,Ichijima,Syunjo
458,1197,伊東静雄,1906-12-10,1953-03-12,male,諫早市,Ito,Shizuo
459,1642,伊藤信二,1907-10-30,1932-08-14,male,,Ito,Shinji
460,1232,伊東忠太,1867-11-21,1954-04-07,male,米沢市,Ito,Chyuta
461,1961,稲垣巌,1897-02-15,1937-08-15,male,東京都,Inagaki,Iwao
462,1289,犬田卯,1891-08-23,1957-07-21,male,,Inuta,Shigeru
463,1685,井上貞治郎,1881-08-16,1963-11-10,male,兵庫県,Inoue,Teijiro
464,420,井上哲次郎,1856-02-01,1944-12-07,male,太宰府市,Inoue,Tetsujiro
465,1315,井上良夫,1908-00-00,1945-00-00,male,若松市,Inoue,Yoshio
466,232,伊波普猷,1876-03-15,1947-08-13,male,那覇市,Iha,Fuyu
467,1336,伊庭心猿,1908-00-00,1957-02-25,male,Tokyo,Iba,Shinen
468,1210,違星北斗,1902-01-01,1929-01-26,male,余市町,Iboshi,Hokuto
469,234,今井邦子,1890-05-31,1948-07-15,female,徳島市,Imai,Kuniko
470,1627,今村恒夫,1908-01-15,1936-12-09,male,福岡県,Imamura,Tsuneo
471,430,伊良子清白,1877-10-04,1946-01-10,male,,Irako,Seihaku
472,137,岩野泡鳴,1873-01-20,1920-05-09,male,淡路市,Iwano,Homei
473,1353,岩村透,1870-02-25,1917-08-17,male,,Iwamura,Toru
474,493,加藤朝鳥,1886-09-19,1938-05-17,male,,Kato,Asatori
475,1534,岩本素白,1883-08-17,1961-10-02,male,東京都,Iwamoto,Sohaku
476,17,ウィードグスターフ,1858-00-00,1914-00-00,male,Holmegård,Wied,Gustav
477,435,上田万年,1867-02-11,1937-10-26,male,Ōkubo,Ueda,Kazutoshi
478,1628,上田進,1907-10-24,1947-02-24,male,東京都,Ueda,Susumu
479,1903,上田広,1905-06-18,1966-02-27,male,千葉県,Ueda,Hiroshi
480,880,枯葉,,,unknown,,Kareha,
481,1705,ヴェルハーレンエミール,1855-03-21,1916-11-27,male,Sint-Amands,Verhaeren,Emile
482,1582,宇田川文海,1848-03-28,1930-01-06,male,,Udagawa,Bunkai
483,1070,神吉三郎,1899-2-17,1952-11-9,male,,Kanki,Saburo
484,1762,内山完造,1885-01-11,1959-09-20,male,,Uchiyama,Kanzou
485,1798,梅崎春生,1915-02-15,1965-07-19,male,福岡市,Umezaki,Haruo
486,1630,榎南謙一,1913-00-00,1945-00-00,unknown,unknown,Enami,Kenichi
487,1321,江南文三,1887-12-26,1946-02-08,male,Ishikawa,Enami,Bunzo
488,448,江見水蔭,1869-09-17,1934-11-03,male,岡山市,Emi,Suiin
489,1139,エンゲルスフリードリッヒ,1820-11-28,1895-08-05,male,Barmen,Engels,Friedrich
490,1908,小穴隆一,1894-11-28,1966-04-24,male,北海道,Oana,Ryuichi
491,1631,大石喜幸,1910-00-00,1941-00-00,unknown,Japan,Oishi,Yoshiyuki
492,1632,大江鉄麿,1915-00-00,1944-00-00,unknown,unknown,Oe,Tetsumaro
493,1689,大木頭,1886-02-20,1912-04-13,unknown,unknown,Oki,
494,1879,大隈重信,1838-03-11,1922-01-10,male,佐賀市,Okuma,Shigenobu
495,1872,大下宇陀児,1896-11-15,1966-08-11,male,長野県,Oshita,Udaru
496,863,大島亮吉,1899-09-04,1928-03-25,male,Shiba-ku,Oshima,Ryokichi
497,1824,大坪砂男,1904-02-01,1965-01-12,male,東京市,Otsubo,Sunao
498,1316,大庭武年,1904-00-00,1945-00-00,unknown,unknown,Oba,Taketoshi
499,1474,丘浅次郎,1868-12-31,1944-05-02,male,静岡県,Oka,Asajiro
500,965,丘丘十郎,1897-12-26,1949-05-17,male,Tokushima,Oka,Kyujuro
501,467,岡倉由三郎,1868-03-15,1936-10-31,male,Yokohama,Okakura,Yoshisaburo
502,1354,岡崎雪声,1854-02-26,1921-04-16,male,Fushimi-ku,Okazaki,Sessei
503,1355,岡田三郎助,1869- 02-22,1939-09-23,male,佐賀県,Okada,Saburosuke
504,874,尾形亀之助,1900-12-12,1942-12-02,male,,Ogata,Kamenosuke
505,239,岡本一平,1886-06-11,1948-10-11,male,函館市,Okamoto,Ippei
506,1339,岡本帰一,1888-6-12,1930-12-29,male,兵庫県,Okamoto,Kiichi
507,474,小川正子,1902-03-26,1943-04-29,female,山梨県,Ogawa,Masako
508,120,木下杢太郎,1885-08-01,1945-10-15,male,賀茂郡,Kinoshita,Mokutaro
509,1180,沖野岩三郎,1876-01-05,1956-01-30,male,,Okino,Iwasaburo
510,240,荻原守衛,1879-12-01,1910-04-22,male,Hotaka,Ogiwara,Morie
511,1753,尾崎士郎,1898-02-05,1964-02-19,male,横須賀村,Ozaki,Shiro
512,242,尾崎秀実,1901-05-01,1944-11-07,male,Shiba-ku,Ozaki,Hotsumi
513,479,小山内薫,1881-07-26,1928-12-25,male,広島市,Osanai,Kaoru
514,1589,落合ユキ子,1903-11-07,1946-08-04,female,Japan,Ochiai,Yukiko
515,1761,小津安二郎,1903-12-12,1963-12-12,male,深川区,Ozu,Yasujiro
516,1887,小野梓,1852-03-10,1886-01-11,male,土佐国,Ono,Azusa
517,243,小野賢一郎,1888-07-01,1943-02-01,male,Fukuoka Prefecture,Ono,Ken'ichiro
518,871,小野浩,1894-06-29,1933-10-21,male,,Ono,Hiroshi
519,1356,尾上梅幸,1870-11-08,1934-11-08,unknown,,Onoe,Baiko
520,201,グリーンジェイムズ,,2014-04,unknown,,Green,James
521,1246,恩地孝四郎,1891-07-02,1955-06-03,male,淀橋町,Onchi,Koshiro
522,1290,癋見鈍太郎,1889-01-04,1936-03-11,male,Tokyo,Kakumi,Dontaro
523,244,梶井久,1870-00-00,1946-00-00,female,Japan,Kajii,Hisa
524,1978,勝本清一郎,1899-05-05,1967-03-23,male,東京都,Katsumoto,Seiichiro
525,1286,桂小南,1880-05-24,1947-11-21,male,,Katsura,Konan
526,919,加藤一夫,1887-02-28,1951-01-25,male,秋田市,Kato,Kazuo
527,1317,加藤弘之,1836-06-23,1916-02-09,male,Izushi,Kato,Hiroyuki
528,1240,加藤道夫,1918-10-17,1953-12-22,male,福岡県,Kato,Michio
529,1984,金沢庄三郎,1872-06-12,1967-06-02,male,大阪府,Kanazawa,Shozaburo
530,873,金田千鶴,1902-11-19,1934-08-17,unknown,泰阜村,Kanada,Chizu
531,1956,金森徳次郎,1886-03-17,1959-06-16,male,名古屋市,Kanamori,Tokujiro
532,920,金子薫園,1876-11-30,1951-03-30,male,神田淡路町,Kaneko,Kun'en
533,246,金子ふみ子,1903-01-25,1926-07-23,female,Yokohama,Kaneko,Fumiko
534,1781,金田鬼一,1886-12-10,1963-11-01,male,東京都,Kaneda,Kiichi
535,866,狩野亨吉,1865-09-17,1942-12-22,male,大館町,Kano,Kokichi
536,891,加福均三,1885-00-00,1948-00-00,male,,Kafuku,Kinzo
537,1870,亀井勝一郎,1907-02-06,1966-11-14,male,函館市,Kamei,Katsuichiro
538,1076,高良とみ,1896-7-1,1993-1-17,female,富山県,Kora,Tomi
539,1906,河井寛次郎,1890-08-24,1966-11-18,male,安来市,Kawai,Kanjiro
540,1861,河井酔茗,1874-05-07,1965-01-17,male,Sakai,Kawai,Suimei
541,507,川上眉山,1869-04-16,1908-06-15,male,大阪市,Kawakami,Bizan
542,1911,川田順,1882-01-15,1966-01-22,male,東京,Kawada,Jun
543,1588,川田雪山,1879-05-24,1951-01,male,Kochi,Kawada,Setsuzan
544,1532,川田瑞穂,1879-05-24,1951-01,unknown,,Kawada,Mizuho
545,369,川端茅舎,1897-08-17,1941-07-17,male,Tokyo,Kawabata,Bosha
546,510,河東碧梧桐,1873-02-26,1937-02-01,male,松山市,Kawahigashi,Hekigoto
547,938,観世左近　二十四世,1895-12-18,1939-03-21,male,Japan,Kanze,Sakon Nijuyonsei
548,1731,神田左京,1874-07-07,1939-07-07,unknown,佐々町,Kanda,Sakyo
549,1666,漢那浪笛,1887-00-00,1939-00-00,unknown,unknown,Kanna,Roteki
550,1055,蒲原有明,1875-03-15,1952-02-03,male,東京,Kanbara,Ariake
551,1484,魏徴,580-00-00,643-00-00,male,Julu County,Wei,Zheng
552,872,木内高音,1896-02-28,1951-06-07,male,尾道市,Kiuchi,Takane
553,514,菊池幽芳,1870-10-27,1947-07-21,male,,Kikuchi,Yuho
554,1723,斎藤三郎,1895-08-26,1960-02-02,male,,Saito,Saburo
555,164,堺利彦,1871-01-15,1933-01-23,male,豊津村,Sakai,Toshihiko
556,251,岸田劉生,1891-06-23,1929-12-20,male,銀座,Kishida,Ryusei
557,1751,北尾亀男,1892-08-25,1958-02-08,male,Japan,Kitao,Kameo
558,1357,北村四海,1871-04-03,1927-11-14,male,,Kitamura,Shikai
559,1537,喜多村緑郎,1871-09-07,1961-05-16,male,東京市,Kitamura,Rokuro
560,114,キプリングラデャード,1865-12-30,1936-01-18,male,Mumbai,Kipling,Rudyard
561,1207,木村芥舟,1830-02-27,1901-12-09,male,,Kimura,Kaishu
562,1243,木村小舟,1881-09-12,1955-04-20,male,,Kimura,Shoshu
563,1894,木村荘十,1897-01-12,1967-05-06,male,東京都,Kimura,Soju
564,1643,木村好子,1904-01-10,1959-10-24,male,Shimotsuga district,Kimura,Yoshiko
565,1327,肝付兼行,1853-04-23,1922-01-13,male,,Kimotsuki,Kaneyuki
566,1393,キャロルルイス,1832-01-27,1898-01-14,male,Daresbury,Carroll,Lewis
567,1078,瞿佑,1341-00-00,1427-00-00,male,Hangzhou,Qu,You
568,253,陸羯南,1857-11-30,1907-09-02,male,弘前市,Kuga,Katsunan
569,1516,草野天平,1910-02-28,1952-04-25,male,Japan,Kusano,Tenpei
570,1866,楠田匡介,1903-00-00,1966-00-00,male,,Kusuda,Kyousuke
571,367,クスミンミカイル・アレクセーヴィチ,1872-00-00,1936-00-00,male,Yaroslavl,Kuzmin,Mikhail Alekseevich
572,1834,The Creative CAT,,,,,The Creative CAT,
573,1633,国見善弘,1916-00-00,1937-00-00,male,Japan,Kunimi,Yoshihiro
574,1307,久保栄,1900-12-28,1958-03-15,male,札幌市,Kubo,Sakae
575,537,久保良英,1883-04-22,1942-11-11,male,,Kubo,Yoshihide
576,1907,窪田空穂,1877-06-08,1967-04-12,male,和田村,Kubota,Utsuho
577,1692,久保田万太郎,1889-11-07,1963-05-06,male,東京,Kubota,Mantaro
578,1144,クラウフォードフランシス・マリオン,1854-08-02,1909-04-09,male,Bagni di Lucca,Crawford,Francis Marion
579,1645,倉橋潤一郎,1914-00-00,1945-10,male,Japan,Kurahashi,Jun'ichiro
580,1821,蔵原伸二郎,1899-09-04,1965-03-16,male,阿蘇市,Kurahara,Shinjiro
581,357,クラルテジュール,1840-00-00,1913-00-00,male,Limoges,Claretie,Jules
582,1527,栗島山之助,1876-04-01,1945-11-06,male,Japan,Kurishima,Sannosuke
583,1563,グルモンレミ・ドゥ,1858-04-04,1915-09-27,male,Bazoches-au-Houlme,Gourmont,Remy de
584,1707,クローデルポール,1868-08-06,1955-02-23,male,Villeneuve-sur-Fère,Claudel,Paul
585,974,黒木舜平,1909-06-19,1948-06-13,male,Kanagi,Kuroki,Shunpei
586,37,黒島伝治,1898-12-12,1943-10-17,male,香川県,Kuroshima,Denji
587,257,黒田清輝,1866-06-29,1924-07-15,male,東千石町,Kuroda,Seiki
588,1435,黒部溯郎,1892-00-00,1949-03,male,Japan,Kurobe,Soro
589,542,桑木厳翼,1874-06-25,1946-12-15,male,東京都,Kuwaki,Gen'yoku
590,1250,ケイエレン,1849-12-11,1926-04-25,female,Gladhammar church parish,Key,Ellen
591,1285,慶應義塾,,,unknown,,Keiogijuku,
592,1300,ケネディパトリック,1801-00-00,1873-00-00,unknown,,Kennedy,Patrick
593,1769,ゲランシャルル,1873-12-29,1907-03-17,male,France,Guerin,Charles
594,1846,小泉信三,1888-05-04,1966-05-11,male,三田,Koizumi,Shinzo
595,1759,実吉捷郎,1895-01-20,1962-02-15,male,東京都,Saneyoshi,Hayao
596,1774,高祖保,1910-05-04,1945-01-20,male,,Koso,Tamotsu
597,1469,河野常吉,1863-01-11,1930-09-03,male,,Kono,Tsunekichi
598,1677,河野広道,1905-01-17,1963-07-12,male,,Kouno,Hiromichi
599,1797,河本大作,1883-01-24,1955-08-25,male,兵庫県,Komoto,Daisaku
600,1077,郡虎彦,1890-6-28,1924-10-6,male,東京都,Kori,Torahiko
601,364,ゴーリキーマクシム,1868-00-00,1936-00-00,male,Nizhny Novgorod,Gorky,Maksim
602,1247,小金井喜美子,1871-01-19,1956-01-26,female,,Koganei,Kimiko
603,1186,宍戸儀一,1907-05-09,1954-08-19,male,Japan,Shishido,Giichi
604,599,島村抱月,1871-02-28,1918-11-05,male,那賀郡,Shimamura,Hogetsu
605,27,小島烏水,1873-12-29,1948-12-13,male,横浜市,Kojima,Usui
606,1803,小杉放庵,1881-12-30,1964-04-16,male,日光市,Kosugi,Hoan
607,1672,小竹主,1873-10-03,1961-12-04,male,Gifu,Kotake,
608,553,児玉花外,1874-07-07,1943-09-20,male,,Kodama,Kagai
609,1613,後藤謙太郎,1895-00-00,1925-00-00,male,Japan,Goto,Kentaro
610,1256,小林一三,1873-01-03,1957-01-25,male,Nirasaki,Kobayashi,Ichizo
611,1201,小舟勝二,,1931-00-00,unknown,unknown,Kobune,Katsuji
612,1884,小宮豊隆,1884-03-07,1966-05-03,male,福岡県,Komiya,Toyotaka
613,1268,小村雪岱,1887-03-22,1940-10-17,male,川越市,Komura,Settai
614,1867,小山清,1911-10-04,1965-03-06,male,東京都,Koyama,Kiyoshi
615,601,十一谷義三郎,1897-10-14,1937-04-02,male,神戸市,Juichiya,Gisaburo
616,362,コロレンコウラジミール・ガラクティオノヴィチ,1853-07-15,1921-12-25,male,Russia,Korolenko,Vladimir Galaktionovick
617,1390,金剛巌,1886-00-00,1951-00-00,unknown,,Kongo,Iwao
618,1471,今野大力,1904-02-05,1935-06-19,male,北海道,Konno,Dairiki
619,1736,庄野健,1955-00-00,,male,Japan,Shono,Ken
620,1131,新青年編輯局,,,,,Shinseinen henshukyoku,
621,1409,菅野徳助,,1915-01-13,male,Japan,Sugano,Tokusuke
622,46,鈴木行三,,1962-02-03,unknown,unknown,Suzuki,Kozo
623,1804,三枝博音,1892-05-20,1963-11-09,male,,Saigusa,Hiroto
624,1806,斉藤弘吉,1899-00-00,1964-09-19,male,Yamagata,Saito,Hirokichi
625,1096,榊亮三郎,1872-04-05,1946-08-24,unknown,unknown,Sakaki,Ryozaburo
626,1778,薄田斬雲,1877-01-27,1956-03-27,male,青森県,Susukida,Zan'un
627,1849,関根秀雄,1895-09-17,1987-07-27,male,東京都,Sekine,Hideo
628,1213,瀬沼夏葉,1875-12-11,1915-02-28,female,高崎市,Senuma,Kayo
629,913,sogo,,,,,Sogo,
630,621,高垣松雄,1890-12-13,1940-09-13,male,横須賀市,Takagaki,Matsuo
631,1920,宝探子,,,,,Takara,Sagashi
632,2053,竹本周平,,,unknown,unknown,Takemoto,Shuhei
633,1767,サキ,1870-12-18,1916-11-14,unknown,,Saki,
634,1604,桜間中庸,1911-07-06,1934-04-18,male,Okayama,Sakurama,Chuyo
635,263,佐々木喜善,1886-10-05,1933-09-29,male,Tsuchibuchi,Sasaki,Kizen
636,1750,佐々木邦,1883-05-04,1964-09-22,male,,Sasaki,Kuni
637,1691,佐佐木信綱,1872-07-08,1963-12-02,male,鈴鹿市,Sasaki,Nobutsuna
638,911,ささきふさ,1897-00-00,1949-00-00,female,芝区,Sasaki,Fusa
639,1904,佐佐木茂索,1894-11-11,1966-12-01,male,京都府,Sasaki,Mosaku
640,1713,サッフォ,,,female,Greece,Sappho,
641,1614,佐藤武夫,1906-00-00,1929-00-00,male,名古屋市,Sato,Takeo
642,1763,佐藤春夫,1892-04-09,1964-05-06,male,Shingu,Sato,Haruo
643,219,里村欣三,1902-03-13,1945-02-23,male,,Satomura,Kinzo
644,1227,佐野友三郎,1864-03-10,1920-05-13,male,埼玉県,Sano,Tomosaburo
645,166,サマンアルベール,1858-00-00,1900-00-00,male,Lille,Samain,Albert
646,1141,沢田正二郎,1892-05-27,1929-03-04,male,Otsu,Sawada,Shojiro
647,1932,山東京山,1769-07-18,1858-10-30,male,Kiba,Santo,Kyozan
648,2007,山東京伝,1761-09-13,1816-10-27,male,木場,Santo,Kyoden
649,585,三文字屋金平,1868-04-05,1929-06-29,male,Tokyo,Sanmonjiya,Kinpira
650,1805,三遊亭金馬,1894-10-25,1964-11-08,unknown,,San'yutei,Kinba
651,1925,シートンアーネスト・トンプソン,1860-08-14,1946-10-23,male,South Shields,Seton,Ernest Thompson
652,1995,ジェイコブスウイリアム・ワイマーク,1863-09-08,1943-09-01,male,Wapping,Jacobs,William Wymark
653,1862,式場隆三郎,1898-07-02,1965-11-21,male,五泉町,Shikiba,Ryuzaburo
654,1794,幣原喜重郎,1872-09-13,1951-03-10,male,門真市,Shidehara,Kijuro
655,1832,柴田宵曲,1897-09-02,1966-08-23,male,東京都,Shibata,Shokyoku
656,1970,島秋人,1934-06-28,1967-11-02,male,Korea,Shima,Akito
657,265,島木赤彦,1876-12-17,1926-03-27,male,,Shimagi,Akahiko
658,1526,島袋源一郎,1885-10-05,1942-03-27,male,沖縄県,Shimabukuro,Gen'ichiro
659,1146,清水紫琴,1868-01-25,1933-07-31,female,備前市,Shimizu,Shikin
660,1615,下川儀太郎,1904-00-00,1961-00-00,male,静岡市,Shimokawa,Gitaro
661,1696,下村海南,1875-05-11,1957-12-09,male,Wakayama Prefecture,Shimomura,Kainan
662,360,シュニッツレルアルツール,1862-00-00,1931-00-00,male,Vienna,Schnitzler,Arthur
663,352,田中早苗,1884-00-00,1945-00-00,female,,Tanaka,Sanae
664,1194,シュミットボンウィルヘルム,1876-00-00,1952-00-00,male,Germany,Schmidtbonn,Wilhelm
665,1551,条野採菊,1832-00-00,1902-01-24,male,日本橋,Jyono,Saigiku
666,12,素木しづ,1895-03-26,1918-01-29,female,札幌市,Shiraki,Shizu
667,1427,田部隆次,1875-10-20,1957-12-20,male,,Tanabe,Ryuji
668,956,白柳秀湖,1884-01-07,1950-11-09,male,,Shirayanagi,Shuko
669,1485,沈約,441-00-00,513-00-00,male,Huzhou,Shen,Yue
670,1938,新村出,1876-10-04,1967-08-17,male,Yamaguchi Prefecture,Shinmura,Izuru
671,1607,末吉安持,1887-00-00,1907-00-00,unknown,Japan,Sueyoshi,Anji
672,133,菅原孝標女,1008-00-00,1060-01-01,female,京都市,Sugawara Takasue no musume,
673,608,杉村楚人冠,1872-08-28,1945-10-03,male,,Sugimura,Sojinkan
674,957,鈴木梅太郎,1874-04-07,1943-09-20,male,牧之原市,Suzuki,Umetaro
675,1350,鈴木鼓村,1875-00-00,1931-03-12,male,Japan,Suzuki,Koson
676,1833,鈴木大拙,1870-11-11,1966-07-12,male,本多町,Suzuki,Daisetsu
677,101,田宮まや,,,unknown,unknown,Tamiya,Maya
678,975,薄田淳介,1877-05-19,1945-10-09,male,Okayama,Susukida,Junsuke
679,1985,薄田太郎,1902-11-01,1967-04-23,male,,Susukida,Taro
680,1145,ストックトンフランシス・リチャード,1834-04-05,1902-04-19,male,Philadelphia,Stockton,Francis Richard
681,1026,関寛,1830-00-00,1912-10-15,male,札幌市,Seki,Kan
682,1402,関口存男,1894-11-21,1958-07-25,male,姫路市,Sekiguchi,Tsugio
683,1358,関根黙庵,1863-00-00,1923-00-00,male,,Sekine,Mokuan
684,1606,世礼国男,1897-07-20,1950-01-23,unknown,unknown,Serei,Kunio
685,617,千家元麿,1888-06-08,1948-03-14,male,東京,Senge,Motomaro
686,1199,ソログープフョードル,1863-02-17,1927-12-07,male,Saint Petersburg,Sologub,Fedor
687,1191,高木敏雄,1876-00-00,1922-00-00,male,,Takagi,Toshio
688,1371,高頭仁兵衛,1877-05-20,1958-04-06,male,新潟県,Takato,Jinbe
689,116,鷹野つぎ,1890-08-15,1943-03-19,female,浜松市,Takano,Tsugi
690,1697,高野六郎,1884-09-03,1960-12-15,male,,Takano,Rokurou
691,1823,高見順,1907-01-30,1965-08-17,male,三国町,Takami,Jun
692,1540,知里真志保,1909-02-24,1961-06-09,male,登別市,Chiri,Mashiho
693,1780,高群逸枝,1894-01-18,1964-06-07,female,熊本県,Takamure,Itsue
694,634,田口卯吉,1855-06-13,1905-04-13,male,東京都,Taguchi,Ukichi
695,636,竹内勝太郎,1894-10-20,1935-06-25,male,京都府,Takeuchi,Katsutaro
696,1675,竹内浩三,1921-05-12,1945-04-09,male,,Takeuchi,Kozo
697,977,竹越三叉,1865-11-22,1950-01-12,male,Honjō-shuku,Takekoshi,Sansa
698,189,武田麟太郎,1904-05-09,1946-03-31,male,大阪市,Takeda,Rintaro
699,1075,タゴールラビンドラナート,1861-05-06,1941-08-07,male,Kolkata,Tagore,Rabindranath
700,1184,手塚寿郎,1887-00-00,1943-00-00,male,栃木県,Tezuka,Sumio
701,904,田沢稲舟,1874-12-28,1896-09-10,female,Tsuruoka,Tazawa,Inabune
702,1624,陀田勘助,1902-01-15,1931-08-22,male,Kumamoto,Dada,Kansuke
703,1782,辰野九紫,1892-07-16,1962-08-06,male,鳥取市,Tatsuno,Kyushi
704,1796,辰野隆,1888-03-01,1964-02-28,male,東京都,Tatsuno,Yutaka
705,1122,戸川明三,1871-02-07,1939-07-09,male,Japan,Togawa,Meizo
706,1610,田辺孝次,1890-00-00,1945-00-00,male,金沢市,Tanabe,Takatsugu
707,272,谷譲次,1900-01-17,1935-06-29,male,Sado district,Tani,Joji
708,273,田畑修一郎,1903-09-02,1943-07-23,male,,Tabata,Shuichiro
709,1634,田村乙彦,1911-12-10,1945-04-15,,,Tamura,Otohiko
710,1226,田村松魚,1877-00-00,1948-00-00,male,,Tamura,Shogyo
711,655,田村俊子,1884-04-25,1945-04-16,female,東京,Tamura,Toshiko
712,678,富永太郎,1901-05-04,1925-11-12,male,東京,Tominaga,Taro
713,1635,丹沢明,1904-00-00,1944-00-00,male,Japan,Tanzawa,Akira
714,274,談洲楼燕枝　二代,1879-00-00,1935-00-00,male,Japan,Danshuro,Enshi Nidai
715,1722,ダンセイニロード,1878-07-24,1957-10-25,male,London,Dunsany,Lord
716,1557,丹波敬三,1854-00-00,1927-00-00,male,大阪府,Tanba,Keizo
717,365,チリコフオイゲン,1864-00-00,1932-00-00,male,Russia,Chirikov,Evgenii
718,1057,陳玄祐,,,,,Chen,Xuanyou
719,1876,塚原健二郎,1895-02-16,1965-08-07,male,,Tsukahara,Kenjiro
720,660,塚原渋柿園,1848-04-04,1917-07-05,unknown,,Tsukahara,Jushien
721,934,塚原蓼洲,1848-03-01,1917-07-05,unknown,unknown,Tsukahara,Ryoshu
722,277,辻村伊助,1886-04-22,1923-09-01,male,神奈川県,Tsujimura,Isuke
723,1671,津田黄昏,1873-10-03,1961-12-04,male,Japan,Tsuda,Tasogare
724,1322,津田真道,1829-07-25,1903-09-03,male,津山市,Tsuda,Mamichi
725,344,土田杏村,1891-01-15,1934-04-25,male,,Tsuchida,Kyoson
726,87,綱島梁川,1873-05-27,1907-09-14,male,,Tsunashima,Ryosen
727,1939,恒藤恭,1888-12-03,1967-11-02,male,松江市,Tsuneto,Kyo
728,1674,鶴彬,1909-01-01,1938-09-14,male,,Tsuru,Akira
729,884,ディモフオシップ,1878-00-00,1959-00-00,male,Japan,Dymow,Ossip
730,1087,デフォーダニエル,1659-00-00,1731-04-26,male,Ward of Cripplegate,Defoe,Daniel
731,1084,寺島柾史,1893-10-24,1952-00-00,male,Japan,Terashima,Masashi
732,1198,土井八枝,1879-02-21,1948-05-10,female,,Doi,Yae
733,1135,ド・ヴィルヌーヴガブリエル=シュザンヌ・バルボ,1695-00-00,1755-00-00,female,France,de Villeneuve,Gabrielle-Susanne Barbot
734,1654,濤音,1888-05-28,1953-11-23,unknown,unknown,Toon,
735,1181,ドーデアルフォンス,1840-03-13,1897-12-17,male,Nîmes,Daudet,Alphonse
736,1788,十返肇,1914-03-25,1963-08-28,male,高松市,Togaeri,Hajime
737,669,戸川秋骨,1871-02-07,1939-07-09,male,玉名市,Togawa,Shukotsu
738,1968,時枝誠記,1900-12-06,1967-10-27,male,東京,Tokieda,Motoki
739,1369,徳富蘇峰,1863-01-25,1957-11-02,male,上益城郡,Tokutomi,Soho
740,1611,徳永保之助,1889-08-10,1925-12-13,male,Japan,Tokunaga,Yasunosuke
741,1658,渡久山水鳴,1884-00-00,1911-00-00,unknown,unknown,Tokuyama,Suimei
742,1455,登張竹風,1873-10-02,1955-01-06,male,江田島,Tobari,Chikufu
743,149,富岡誠,1897-01-01,1926-10-15,male,福岡県,Tomioka,Makoto
744,1715,富沢赤黄男,1902-07-14,1962-03-07,male,,Tomizawa,Kakio
745,1958,富田常雄,1904-01-01,1967-10-16,male,東京,Tomita,Tsuneo
746,677,富田木歩,1897-04-14,1923-09-01,male,東京都,Tomita,Moppo
747,282,富ノ沢麟太郎,1899-03-25,1925-02-24,male,Yamagata Prefecture,Tominosawa,Rintaro
748,923,朝永三十郎,1871-02-05,1951-09-18,male,長崎県,Tomonaga,Sanjuro
749,1161,鳥谷部春汀,1865-03-29,1908-12-21,male,青森県,Toyabe,Shuntei
750,47,長尾高弘,1960-00-00,,male,Chiba,Nagao,Takahiro
751,692,中島孤島,1878-10-27,1946-04-09,male,,Nakajima,Koto
752,1851,中島英之,1942-00-00,,male,unknown,Nakajima,Hideyuki
753,1362,豊田喜一郎,1894-06-11,1952-03-27,male,鷲津町,Toyoda,Kiichiro
754,1900,ドロステ＝ヒュルスホフアネッテ・フォン,1797-01-10,1848-05-25,female,Burg Hülshoff,Droste-Hülshoff,Annette von
755,2045,中村喜治,,,unknown,unknown,Nakamura,Yoshiharu
756,1799,中勘助,1885-05-22,1965-05-03,male,東京,Naka,Kansuke
757,1061,中山省三郎,1904-1-28,1947-5-30,male,茨城県,Nakayama,Sgozaburo
758,1410,奈倉次郎,1871-00-00,1947-00-00,male,,Nakura,Jiro
759,869,永崎貢,1908-11-23,1934-12-12,male,Japan,Nagasaki,Mitsugu
760,690,中沢臨川,1878-10-28,1920-08-09,male,伊那市,Nakazawa,Rinsen
761,1655,長沢佑,1910-02-17,1933-02-17,male,Japan,Nagasawa,Tasuku
762,1910,中島哀浪,1883-07-30,1966-10-29,male,Japan,Nakajima,Airo
763,1636,中島葉那子,1909-12-20,1939-04-20,female,Japan,Nakajima,Hanako
764,697,中戸川吉二,1896-05-20,1942-11-19,male,北海道,Nakatogawa,Kichiji
765,1637,中野鈴子,1906-01-24,1958-01-05,female,坂井市,Nakano,Suzuko
766,1905,中野秀人,1898-05-17,1966-05-13,male,Fukuoka,Nakano,Hideto
767,1008,中浜哲,1897-01-01,1926-10-15,male,Fukuoka Prefecture,Nakahama,Tetsu
768,1667,仲村渠,1905-10-03,1951-12-04,unknown,unknown,Nakamura,Kare
769,1996,中村研一,1895-05-14,1967-08-28,male,宗像市,Nakamura,Ken'ichi
770,702,中村憲吉,1889-01-25,1934-05-05,male,三次市,Nakamura,Kenkichi
771,1954,中村清太郎,1888-04-30,1967-12-20,male,浅草区,Nakamura,Seitaro
772,1822,中村地平,1908-02-07,1963-02-26,male,,Nakamura,Chihei
773,1171,日本童話研究会,,,,,Nihon Dowa Kenkyukai,
774,181,能美武功,,,unknown,unknown,Nomi,Takenori
775,1436,中山啓,1895-04-26,1957-10-02,male,,Nakayama,Kei
776,1587,楢崎竜,1841-07-23,1906-01-15,female,Kyoto,Narasaki,Ryou
777,1943,成沢玲川,1877-12-14,1962-10-20,male,Japan,Narusawa,Reisen
778,1323,西周,1829-03-07,1897-01-31,male,津和野町,Nishi,Amane
779,1163,仁科芳雄,1890-12-06,1951-01-10,male,里庄町,Nishina,Yoshio
780,1617,西村陽吉,1892-04-09,1959-03-22,male,Japan,Nishimura,Yokichi
781,1776,蜷川新,1873-01-14,1959-08-17,male,,Ninagawa,Arata
782,1359,沼田一雅,1873-05-05,1954-06-05,male,,Numata,Ichiga
783,1618,根岸正吉,1892-00-00,1922-00-00,male,Japan,Negishi,Shokichi
784,1706,ネグリアダ,1870-02-03,1945-01-11,female,Lodi,Negri,Ada
785,1927,野上彰,1909-02-15,1967-11-04,male,,Nogami,Akira
786,939,野口米次郎,1875-12-08,1947-07-13,male,津島市,Noguchi,Yonejiro
787,1188,野中至,1867-09-19,1955-02-28,male,Chikuzen Province,Nonaka,Itaru
788,1912,野間清六,1902-02-12,1966-12-13,male,,Noma,Seiroku
789,1802,野村あらえびす,1882-10-15,1963-04-14,male,Iwate Prefecture,Nomura,Araebisu
790,1670,野村胡堂,1882-10-15,1963-04-14,male,岩手県,Nomura,Kodo
791,128,長谷悟,,,unknown,unknown,Hase,Satoru
792,1619,野村吉哉,1901-11-15,1940-08-29,male,Japan,Nomura,Yoshiya
793,287,野呂栄太郎,1900-04-30,1934-02-19,male,Hokkaido,Noro,Eitaro
794,1299,ハイドダグラス,1860-01-17,1949-07-12,male,Castlerea,Hyde,Douglas
795,725,萩原恭次郎,1899-05-23,1938-11-22,male,,Hagiwara,Kyojiro
796,88,長谷川集平,1955-00-00,,male,姫路市,Hasegawa,Shuhei
797,1878,早川健治,1989-00-00,,male,Saitama,Hayakawa,Kenji
798,900,橋本五郎,1903-05-01,1948-05-29,male,Kotooka,Hashimoto,Goro
799,1752,橋本多佳子,1898-01-05,1963-05-29,female,東京,Hashimoto,Takako
800,1412,林田清明,1951-01-01,,male,,Hayashida,Seimei
801,1726,長谷川伸,1884-03-15,1963-06-11,male,横浜市,Hasegawa,Shin
802,1338,羽仁もと子,1873-09-08,1957-04-07,female,三戸郡,Hani,Motoko
803,1989,早川鮎子,1936-00-00,1967-00-00,female,Japan,Hayakawa,Ayuko
804,1972,林譲治,1889-03-24,1960-04-05,male,高知市,Hayashi,Joji
805,1901,番匠谷英一,1895-08-14,1966-06-17,male,大阪府,Banshoya,Eiichi
806,208,平井肇,1896-05-17,1946-07-07,male,,Hirai,Hajime
807,292,原田皐月,1887-00-00,1933-00-00,female,,Harada,Satsuki
808,1620,波立一,1908-00-00,1937-00-00,male,Japan,Haryu,Hajime
809,1714,平野零児,1897-02-06,1961-08-26,male,兵庫県,Hirano,Reiji
810,1280,hiro,,,unknown,,hiro,
811,1979,菱山修三,1909-08-28,1967-08-07,male,東京都,Hishiyama,Shuzo
812,1809,人見絹枝,1907-01-01,1931-08-02,female,岡山市,Hitomi,Kinue
813,1167,日野強,1866-01-23,1920-12-23,male,伊予国,Hino,Tsutomu
814,1986,秘田余四郎,1908-10-15,1967-09-18,male,,Himeda,Yoshiro
815,1158,ビョルンソンビョルンステェルネ,1832-12-08,1910-04-26,male,Kvikne,Bjornson,Bjornstjerne
816,1360,平井金三,1859-00-00,1916-00-00,male,Japan,Hirai,Kinzo
817,80,平出修,1878-04-03,1914-03-17,male,新潟県,Hiraide,Shu
818,343,平田禿木,1873-02-10,1943-03-13,male,東京,Hirata,Tokuboku
819,1378,平野長蔵,1870-09-05,1930-08-20,male,,Hirano,Chozo
820,294,平野万里,1885-05-25,1947-02-10,male,埼玉県,Hirano,Banri
821,1233,福永渙,1886-03-22,1936-05-05,unknown,,Fukunaga,Kiyoshi
822,1886,藤井英男,1913-03-20,2002-10-01,male,,Fujii,Hideo
823,1137,婦人文化研究会,,,,,Fujinbunkakenkyukai,
824,1638,平林彪吾,1903-09-01,1939-04-28,male,,Hirabayashi,Shogo
825,1292,平山千代子,1925-12-16,1944-08-02,female,Japan,Hirayama,Chiyoko
826,1132,平山蘆江,1882-11-15,1953-04-18,male,神戸市,Hirayama,Roko
827,359,ヒルシュフェルドゲオルヒ,1873-02-11,1943-01-17,male,Germany,Hirschfeld,Georg
828,1639,広海大治,1910-00-00,1960-08-25,male,Japan,Hiroumi,Daiji
829,295,広津柳浪,1861-07-15,1928-10-15,male,長崎市,Hirotsu,Ryuro
830,881,ブウテフレデリック,1874-00-00,1941-00-00,male,Germany,Boutet,Frederic
831,1913,深瀬基寛,1895-10-12,1966-08-21,male,,Fukase,Motohiro
832,298,藤島武二,1867-10-15,1943-03-19,male,池之上町,Fujishima,Takeji
833,1500,総生寛,1841-00-00,1894-10-09,male,,Fuso,Kan
834,1710,プラーテンアウグスト,1796-10-24,1835-12-05,male,Germany,Platen,August
835,1951,ブラックウッドアルジャーノン,1869-03-14,1951-12-10,male,Greenwich,Blackwood,Algernon
836,1651,古川アヤ,1903-11-07,1946-08-04,female,Kagawa,Furukawa,Aya
837,115,ブレイクウィリアム,1757-11-28,1827-8-12,male,London,Blake,William
838,882,プレヴォーマルセル,1862-05-01,1941-00-00,male,Paris,Prevost,Marcel
839,1111,ブロンテシャーロット,1816-04-21,1855-03-31,female,Thornton,Bronte,Charlotte
840,1709,ベルトランルイ,1807-04-20,1841-04-29,unknown,,Bertrand,Louis
841,765,逸見猶吉,1907-09-09,1946-05-17,male,古河市,Henmi,Yukichi
842,1051,蒲松齢,1640-06-05,1715-02-25,male,Zichuan District,Pu,Songling
843,971,萠円,1889-01-04,1936-03-11,male,Fukuoka,Hoen,
844,972,萠円山人,1889-01-04,1936-03-11,male,Fukuoka,Hoensanjin,
845,1377,細井吉造,1904-00-00,1936-11-04,male,Japan,Hosoi,Yoshizo
846,371,細井和喜蔵,1897-05-09,1925-08-18,male,,Hosoi,Wakizo
847,927,穂積重遠,1883-04-11,1951-07-29,male,東京府,Hozumi,Shigeto
848,1058,ホフマンエルンスト・テオドーア・アマーデウス,1776-01-24,1822-06-25,male,Germany,Hoffmann,Ernst Theodor Amadeaus
849,302,堀口九万一,1865-02-23,1945-10-30,male,,Horiguchi,Kumaichi
850,303,本庄陸男,1905-02-20,1939-07-23,male,北海道,Honjo,Mutsuo
851,1361,本田親二,1885-00-00,1948-00-00,male,Japan,Honda,Shinji
852,1555,本多静六,1866-08-11,1952-01-29,male,埼玉郡,Honda,Seiroku
853,1719,前田普羅,1884-04-18,1954-08-08,male,東京都,Maeda,Fura
854,928,前田夕暮,1883-07-27,1951-04-20,male,神奈川県,Maeda,Yugure
855,1297,前田河広一郎,1888-11-13,1957-12-04,male,仙台市,Maedako,Hiroichiro
856,1585,槙村浩,1912-06-01,1938-09-03,male,Kochi,Makimura,Ko
857,1175,槙本楠郎,1898-08-01,1956-09-14,male,Okayama Prefecture,Makimoto,Kusuro
858,1117,マクドナルドジョージ,1824-04-10,1905-09-18,male,Huntly,MacDonald,George
859,1676,正木不如丘,1887-02-26,1962-07-30,male,,Masaki,Fujokyu
860,1472,松井須磨子,1886-03-08,1919-01-05,female,清野村,Matsui,Sumako
861,1408,松浦武四郎,1818-03-12,1888-02-10,male,小野江村,Matsuura,Takeshiro
862,1447,松崎天民,1878-05-18,1934-07-22,male,落合町,Matsuzaki,Tenmin
863,104,松永延造,1895-04-26,1938-11-20,male,横浜市,Matsunaga,Enzo
864,307,松濤明,1922-03-05,1949-01-06,male,仙台市,Matsunami,Akira
865,1556,松村任三,1856-02-14,1928-05-04,male,Ibaraki Prefecture,Matsumura,Jinzo
866,1434,松本幸四郎,1870-05-12,1949-01-28,unknown,,Matsumoto,Koshiro
867,1622,松本淳三,1895-01-01,1950-10-09,male,,Matsumoto,Junzo
868,308,松本泰,1887-02-22,1939-04-19,male,東京都,Matsumoto,Tai
869,309,真山青果,1878-09-01,1948-03-25,male,仙台市,Mayama,Seika
870,1708,マラルメステファヌ,1842-03-18,1898-09-09,male,Paris,Mallarme,Stephane
871,1138,マルクスカール・ハインリッヒ,1818-05-05,1883-03-14,male,Trier,Marx,Karl Heinrich
872,1758,マンパウル・トーマス,1875-06-06,1955-08-12,male,Lübeck,Mann,Paul Thomas
873,788,三浦環,1884-02-22,1946-05-26,female,京橋,Miura,Tamaki
874,792,三木竹二,1867-10-02,1908-01-10,male,,Miki,Takeji
875,793,三沢勝衛,1885-01-25,1937-08-18,male,,Misawa,Katsue
876,22,三島霜川,1876-07-30,1934-03-07,male,,Mishima,Sosen
877,1074,水谷まさる,1894-12-25,1950-05-25,male,東京都,Mizutani,Masaru
878,941,水野葉舟,1883-04-09,1947-02-02,male,東京都,Mizuno,Yoshu
879,1133,三田村鳶魚,1870-04-17,1952-05-14,male,八王子市,Mitamura,Engyo
880,1698,光田健輔,1876-01-12,1964-05-14,male,山口県,Mitsuda,Kensuke
881,973,三鳥山人,1889-01-04,1936-03-11,male,Fukuoka,Midorisanjin,
882,1400,松村みね子,1878-02-10,1957-03-19,female,Tokyo,Matsumura,Mineko
883,800,水上滝太郎,1887-12-06,1940-03-23,male,Tokyo,Minakami,Takitaro
884,1394,丸山英観,1885-01-18,1956-02-05,male,Japan,Maruyama,Eikan
885,1288,宮城道雄,1894-04-07,1956-06-25,male,神戸外国人居留地,Miyagi,Michio
886,147,三浦久,1945-00-00,,male,,Miura,Hisashi
887,1871,三宅周太郎,1892-07-22,1967-02-14,male,兵庫県,Miyake,Shutaro
888,804,三宅やす子,1890-03-15,1932-01-18,female,京都市,Miyake,Yasuko
889,805,宮崎湖処子,1864-09-20,1922-08-09,male,福岡県,Miyazaki,Koshoshi
890,1494,水上茂樹,1930,,male,Tokyo,Minakami,Shigeki
891,801,三宅幾三郎,1897-10-15,1941-05-01,male,兵庫県,Miyake,Ikusaburo
892,929,宮島資夫,1886-08-01,1951-02-19,male,,Miyajima,Sukeo
893,1446,宮地嘉六,1884-06-11,1958-04-10,male,佐賀市,Miyachi,Karoku
894,809,宮原晃一郎,1882-09-02,1945-06-10,male,鹿児島市,Miyahara,Koichiro
895,1717,ミュッセアルフレッド,1810-12-11,1857-05-02,male,France,Musset,Alfred
896,312,村井政善,,1937-00-00,male,Japan,Murai,Masayoshi
897,346,村岡博,1895-02-03,1946-04-19,male,Japan,Muraoka,Hiroshi
898,815,村上浪六,1865-11-01,1944-12-01,male,堺市,Murakami,Namiroku
899,1559,村越三千男,1880-00-00,1948-00-00,male,埼玉県,Murakoshi,Michio
900,1225,村山俊太郎,1905-07-15,1948-12-09,male,Japan,Murayama,Toshitaro
901,1764,モースエドワード・シルヴェスター,1838-06-18,1925-12-20,male,Portland,Morse,Edward Sylvester
902,1035,モーゼスウィリアム・ステイントン,1839-00-00,1892-00-00,male,Donington,Moses,William Stainton
903,1376,百瀬慎太郎,1892-00-00,1949-03,male,,Momose,Shintaro
904,1623,百田宗治,1893-01-25,1955-12-12,male,大阪府,Momota,Soji
905,1977,森於菟,1890-09-13,1967-12-21,male,東京府,Mori,Otto
906,1640,森竹夫,1905-00-00,1946-00-00,unknown,unknown,Mori,Takeo
907,1652,森川義信,1918-10-11,1942-08-13,unknown,unknown,Morikawa,Yoshinobu
908,1826,森下雨村,1890-02-23,1965-05-16,male,,Morishita,Uson
909,826,森田草平,1881-03-19,1949-12-14,male,岐阜市,Morita,Sohei
910,1864,森田正馬,1874-01-18,1938-04-12,male,高知市,Morita,Masatake
911,883,モルナールフェレンツ,1878-01-12,1952-04-01,male,Budapest,Molnar,Ferenc
912,1891,矢崎源九郎,1921-03-26,1967-02-23,male,,Yazaki,Genkuro
913,1083,矢崎嵯峨の舎,1863-03-01,1947-10-26,unknown,unknown,Yazaki,Saganoya
914,317,矢田津世子,1907-06-19,1944-03-14,female,秋田県,Yada,Tsuseko
915,1656,矢田部達郎,1893-10-24,1958-03-24,male,東京都,Yatabe,Tatsuro
916,1538,矢内原忠雄,1893-01-27,1961-12-25,male,今治市,Yanaihara,Tadao
917,831,柳川春葉,1877-03-05,1918-01-09,male,下谷区,Yanagawa,Shun'yo
918,1934,柳原白蓮,1885-10-15,1967-02-22,female,桜田町,Yanagiwara,Byakuren
919,1641,藪田忠夫,1912-00-00,1943-01,unknown,unknown,Yabuta,Tadao
920,1080,藪野椋十,1872-06-03,1926-04-09,male,Saga Prefecture,Yabuno,Mukuju
921,1969,矢部貞治,1902-11-09,1967-05-07,male,,Yabe,Teiji
922,1949,山浦貫一,1893-03-20,1967-09-26,male,上田市,Yamaura,Kan'ichi
923,1801,山川方夫,1930-02-25,1965-02-20,male,東京市,Yamakawa,Masao
924,1662,山口芳光,,1930-00-00,unknown,unknown,Yamaguchi,Yoshimitsu
925,1777,山崎富栄,1919-09-24,1948-06-13,female,東京都,Yamazaki,Tomie
926,837,山路愛山,1865-01-23,1917-03-14,male,浅草,Yamaji,Aizan
927,1391,山下博章,1898-00-00,1943-12-05,male,,Yamashita,Hiroaki
928,1208,山下利三郎,1892-00-00,1952-03-29,male,四国,Yamashita,Risaburo
929,1334,山田済斎,1867-12-18,1952-11-21,male,,Yamada,Seisai
930,1889,山中峯太郎,1885-12-15,1966-04-28,male,大阪府,Yamanaka,Minetaro
931,1693,山之口貘,1903-09-11,1963-07-19,male,那覇市,Yamanokuchi,Baku
932,1845,村田稔雄,1923-00-00,,male,Japan,Murata,Toshio
933,870,山本勝治,,1929-03-17,male,Japan,Yamamoto,Katsuji
934,319,山本宣治,1889-05-28,1929-03-05,male,Uji,Yamamoto,Senji
935,370,横瀬夜雨,1878-01-01,1934-02-14,male,,Yokose,Yau
936,1994,森郁夫,1929-00-00,1966-00-00,unknown,高知県,Mori,Ikuo
937,321,与謝野礼厳,1823-10-16,1898-08-17,male,,Yosano,Reigon
938,1328,吉井幸蔵,1856-01-02,1927-10-07,male,,Yoshii,Kozo
939,322,吉江孤雁,1880-09-05,1940-03-26,male,Shiojiri,Yoshie,Kogan
940,1258,吉田甲子太郎,1894-03-23,1957-01-08,male,,Yoshida,Kinetaro
941,1177,吉田絃二郎,1886-11-24,1956-05-21,male,,Yoshida,Genjiro
942,1924,吉田茂,1878-09-22,1967-10-20,male,臼杵市,Yoshida,Shigeru
943,1741,吉田松陰,1830-09-20,1859-11-21,male,萩市,Yoshida,Shoin
944,323,吉野作造,1878-01-29,1933-03-18,male,古川市,Yoshino,Sakuzo
945,1974,吉野秀雄,1902-07-03,1967-07-13,male,高崎市,Yoshino,Hideo
946,1659,吉本明光,1899-00-00,1960-00-00,male,Japan,Yoshimoto,Akimitsu
947,43,吉行エイスケ,1906-05-10,1940-07-08,male,岡山市,Yoshiyuki,Eisuke
948,1983,淀野隆三,1904-04-16,1967-07-07,male,京都府,Yodono,Ryuzo
949,1196,ランドハンス,1861-08-25,1939-08-31,male,Berlin,Land,Hans
950,1164,リカードデイヴィッド,1772-04-19,1823-09-11,male,London,Ricardo,David
951,1089,リットンエドワード・ジョージ・アール・ブルワー,1803-05-25,1873-01-18,male,England,Lytton,Edward George Earle Bulwer
952,1937,笠信太郎,1900-12-11,1967-12-04,male,,Ryu,Shintaro
953,30,山形浩生,1964-03-13,,male,東京都,Yamagata,Hiroo
954,960,山川丙三郎,1876-00-00,1947-00-00,male,,Yamakawa,Heisaburo
955,326,ルヴェルモーリス,1875-08-29,1926-04-15,male,Vendôme,Level,Maurice
956,358,ルモンニエーカミーユ,1844-03-24,1913-06-13,male,Ixelles - Elsene,Lemonnier,Camille
957,356,レニエアンリ・ド,1864-12-28,1936-05-23,male,Honfleur,Regnier,Henri de
958,332,ワイルドオスカー,1854-10-16,1900-11-30,male,Dublin,Wilde,Oscar
959,331,若杉鳥子,1892-12-21,1937-12-18,female,東京市,Wakasugi,Toriko
960,1501,若林玵蔵,1857-09-19,1938-05-03,male,埼玉郡,Wakabayashi,Kanzo
961,100,山本ゆうじ,1960-03-08,,male,東京都,Yamamoto,Yuji
962,98,結城浩,1963-00-00,,male,,Yuki,Hiroshi
963,1203,ワタナベオン,1902-08-26,1930-02-10,male,Hokkaido,Watanabe,On
964,1185,ワルラスマリー・エスプリ・レオン,1834-12-16,1910-01-05,female,France,Walras,Marie Esprit Leon
965,1657,アークムフレデリック,1769-03-29,1838-06-28,male,Bückeburg,Accum,Friedrich
966,330,青木栄瞳,,,female,,Aoki,Eime
967,1790,青空文庫,,,unknown,,Aozora Bunko,
968,130,秋野平,,,unknown,unknown,Akino,Taira
969,139,朝倉克彦,,,unknown,unknown,Asakura,Katsuhiko
970,1964,天川恵三郎,1864-00-00,1934-04-05,male,北海道,Amakawa,Keizaburo
971,1842,アレンジェームズ,1864-11-28,1912-01-24,unknown,,Allen,James
972,1813,石塚浩之,,,unknown,unknown,Ishizuka,Hiroyuki
973,200,岩本良子,,,female,,Iwamoto,Ryoko
974,1663,上里春生,1897-00-00,1939-06-02,unknown,unknown,Uezato,Haruo
975,32,植松真人,1962-01-01,,male,,Uematsu,Masato
976,180,ヴォルテール,1694-00-00,1778-00-00,male,Paris,Voltaire,
977,1783,エリオットジェイムズ・サンヅ,1880-05-28,1959-10-26,male,,Elliott,James Sands
978,1916,円城塔,1972-09-15,,male,札幌市,EnJoe,Toh
979,2035,オーウェルジョージ,1903-06-25,1950-01-21,male,Motihari,Orwell,George
980,1955,太田健一,1936-02-15,2016-01-23,male,Tochigi Prefecture,Ota,Ken'ichi
981,97,オー・ヘンリー,1862-09-11,1910-06-05,male,Greensboro,O. Henry,
982,1940,小倉右一郎,1881-06-09,1962-07-15,male,,Ogura,Yuichiro
983,206,小沢真理子,,,female,Japan,Ozawa,Mariko
984,1574,オスラーウイリアム,1849-07-12,1919-12-29,male,Bond Head,Osler,William
985,1727,オルファースジビュレ・フォン,1881-05-08,1916-01-29,female,Königsberg,Olfers,Sibylle von
986,1841,カーペンターケニス・Ｊ,1923-00-00,,,,Carpenter,Kenneth J.
987,1506,片岡義男,1939-03-20,,male,東京都,Kataoka,Yoshio
988,223,カワードノエル,1899-12-16,1973-03-26,male,Teddington,Coward,Noel
989,1345,川合貞一,1870-03-29,1955-06-19,male,美濃市,Kawai,Teiichi
990,99,菊池美範,,,male,Aichi,Kikuchi,Yoshinori
991,373,北畠尊也,1967-00-00,,male,Osaka,Kitabatake,Takaya
992,1602,金鍾漢,1914-02-28,1944-09-27,male,Kyongsong County,Kim,Chong-han
993,1561,ギャロッドアーチボルド,1857-11-25,1936-03-28,male,London,Garrod,Archibald
994,1882,キングスフォードアンナ,1846-09-16,1888-02-22,female,Maryland,Kingsford,Anna
995,1464,クラークヘンリ・サヴィル,1841-00-00,1893-00-00,male,,Clarke,Henry Savile
996,1686,グリーナウェイケイト,1846-03-17,1901-11-06,female,London,Greenaway,Kate
997,215,栗林元,,,male,Japan,Kuribayashi,Hajime
998,1950,クロッサーマイラ・ジョー,1880-00-00,1962-00-00,female,unknown,Closser,Myla Jo
999,122,桑原一世,1946-02-01,2006-02-28,female,,Kuwabara,Ichiyo
1000,108,小泉英政,1948-00-00,,male,,Koizumi,Hidemasa
1001,1756,コールデコットランドルフ,1846-03-22,1886-02-12,male,Chester,Caldecott,Randolph
1002,16,小中千昭,1961-04-04,,male,東京都,Konaka,Chiaki
1003,1241,ゴルドンエリザベス、アンナ,1851-00-00,1925-00-00,female,England,Gordon,Elizabeth Anna
1004,151,西府章,,,unknown,unknown,Saifu,Akira
1005,54,佐野良二,1940-00-00,,unknown,Hokkaido,Sano,Ryoji
1006,1918,澤西祐典,1986-07-12,,male,兵庫県,Sawanishi,Yuten
1007,1265,サン＝テグジュペリアントワーヌ・ド,1900-06-29,1944-07-31,male,2nd arrondissement of Lyon,Saint-Exupery,Antoine de
1008,1548,シェーンハイマールドルフ,1898-05-10,1941-09-11,male,Berlin,Schoenheimer,Rudolf
1009,1919,シェミンマーガレット,1928,1976-00-00,female,Netherlands,Shemin,Margaretha
1010,1591,ジェンナーエドワード,1749-05-17,1823-01-26,male,Berkeley,Jenner,Edward
1011,1877,シガーヨンスソンフロスティ,1962-12-19,,male,Reykjavík,Sigurjónsson,Frosti
1012,1492,シゲリストヘンリー・Ｅ,1891-00-00,1957-00-00,male,10th arrondissement of Paris,Sigerist,Henry E.
1013,594,芝不器男,1903-04-18,1930-02-24,male,,Shiba,Fukio
1014,1367,嶋中雄作,1887-02-02,1949-01-17,male,,Shimanaka,Yusaku
1015,84,清水哲男,1938-02-15,2022-03-07,male,東京都,Shimizu,Tetsuo
1016,90,清水鱗造,1950-00-00,,male,Shizuoka,Shimizu,Rinzo
1017,210,シュヴァルツエフゲーニイ,1896-00-00,1958-00-00,male,Kazan,Shvarts,Evgeniy
1018,21,白田秀彰,1968-04-03,,male,延岡市,Shirata,Hideaki
1019,1493,ジンサーハンス,1878-11-17,1940-09-04,male,New York City,Zinsser,Hans
1020,92,鈴木志郎康,1935-05-19,2022-09-08,male,亀戸,Suzuki,Shiroyasu
1021,1930,鈴木牧之,1770-02-22,1842-06-23,male,Shiozawa,Suzuki,Bokushi
1022,335,ストールマンリチャード,1953-00-00,,male,Manhattan,Stallman,Richard
1023,1600,スノウジョン,1813-03-15,1858-06-16,male,York,Snow,John
1024,2010,スミスコードウェイナー,1913-07-11,1966-08-06,male,Milwaukee,Smith,Cordwainer
1025,142,関富士子,,,female,Japan,Seki,Fujiko
1026,1209,ソローヘンリー・デイビッド,1817-07-12,1862-05-06,male,Wheeler-Minot Farmhouse,Thoreau,Henry David
1027,2016,ダ・ヴィンチレオナルド,1452-04-15,1519-05-02,male,Anchiano,da Vinci,Leonardo
1028,69,高野敦志,1963-00-00,,male,Kawasaki,Takano,Atsushi
1029,1690,高橋竜雄,1868-00-00,1946-00-00,male,Hokkaido,Takahashi,Tatsuo
1030,59,高橋悠治,1938-00-00,,male,東京都,Takahashi,Yuji
1031,71,立花実,1933-00-00,1968-00-00,unknown,Hokkaido,Tachibana,Minoru
1032,1765,田辺竜子,1869-02-04,1943-07-18,female,Japan,Tanabe,Tatsuko
1033,1952,チェンバースロバート・Ｗ,1865-05-26,1933-12-16,male,Brooklyn,Chambers,Robert W.
1034,1236,チャペックカレル,1890-01-09,1938-12-25,male,Malé Svatoňovice,Capek,Karel
1035,66,束原和多志,,,unknown,unknown,Tsukahara,Watashi
1036,117,津野海太郎,1938-04-06,,male,福岡県,Tsuno,Kaitaro
1037,113,鶴岡雄二,1953-00-00,,male,Kanagawa,Tsuruoka,Yuji
1038,1150,吉田秀夫,1906-00-00,1953-00-00,male,,Yoshida,Hideo
1039,41,徳永真一,1973-00-00,,male,Hyogo,Tokunaga,Shin'ichi
1040,1800,米川正夫,1891-11-25,1965-12-29,male,,Yonekawa,Masao
1041,55,富田倫生,1952-04-20,2013-08-16,male,広島市,Tomita,Michio
1042,1660,中島徳蔵,1864-03-09,1940-05-31,male,,Nakajima,Tokuzo
1043,62,西川光男,,,unknown,unknown,Nishikawa,Mitsuo
1044,1237,ニューヨーク・サン紙,,,,,The New York Sun,
1045,1784,ノイバーガーマクス,1868-12-08,1955-05-15,male,Vienna,Neuburger,Max
1046,1739,野口英司,,,unknown,unknown,Noguchi,Eiji
1047,1963,信時潔,1887-12-29,1965-08-01,male,大阪市,Nobutoki,Kiyoshi
1048,2036,パイパーヘンリー・ビーム,1904-03-23,1964-11-06,male,Altoona,Piper,Henry Beam
1049,723,芳賀矢一,1867-06-12,1927-02-06,male,,Haga,Yaichi
1050,144,畑仲哲雄,1961-09,,male,大阪市,Hatanaka,Tetsuo
1051,1721,ハッサルアーサー・ヒル,1917-12-13,1894-04-09,male,Teddington,Hassall,Arthur Hill
1052,1725,ハバードエルバート,1856-06-19,1915-05-07,male,Bloomington,Hubbard,Elbert
1053,143,浜野サトル,,,unknown,unknown,Hamano,Satoru
1054,28,早見秋,1969-00-00,,female,unknown,Hayami,Aki
1055,1850,バルザックオノレ・ド,1799-05-20,1850-08--18,male,Tours,Balzac,Honoré de
1056,193,久森謙二,1940-08-09,,male,Gunma,Hisamori,Kenji
1057,138,翡翠,,,unknown,,Hisui,
1058,2033,ヒュームデイヴィッド,1711-05-07,1776-08-25,male,Edinburgh,Hume,David
1059,2008,平光吾一,1887-11,1967-05-12,male,Japan,Hirako,Goichi
1060,56,平田剛士,1964-00-00,,male,広島市,Hirata,Tsuyoshi
1061,887,ピランデルロルイジ,1867-06-28,1936-12-10,male,Agrigento,Pirandello,Luigi
1062,1036,フィッツジェラルドフランシス・スコット,1896-9-24,1940-12-21,male,Saint Paul,Fitzgerald,Francis Scott
1063,1917,福永信,1972-06-22,,male,東京都,Hukunaga,Thin
1064,110,藤井貞和,1942-00-00,,male,東京,Fujii,Sadakazu
1065,7,藤下真潮,1961-00-00,,male,Tokyo,Fujishita,Mashio
1066,1885,藤野古白,1871-09-22,1895-04-12,male,,Fujino,Kohaku
1067,2003,藤村操,1886-07-20,1903-05-22,male,北海道,Fujimura,Misao
1068,127,藤本和子,1939-00-00,,female,東京都,Fujimoto,Kazuko
1069,109,冬佳彰,,,unknown,Kyushu,Fuyu,Yoshiaki
1070,915,プラトン,-0427-00-00,-0347-00-00,male,Athens,Plato,
1071,1687,ブリュノフジャン・ド,1899-12-09,1937-10-16,male,14th arrondissement of Paris,Brunhoff,Jean de
1072,2052,プリリューエドゥアール・エルネ,1829-01-11,1915-10-07,male,former 1st arrondissement of Paris,Prillieux,Édouard Ernest
1073,1728,ベスコフエルサ,1874-02-11,1953-06-30,female,Maria Magdalena parish,Beskow,Elsa
1074,1847,ヘミングウェイアーネスト・ミラー,1899-07-21,1961-07-02,male,Oak Park,Hemingway,Ernest Miller
1075,1735,ベルトランアロイジウス,1807-04-20,1841-04-29,male,Ceva,Bertrand,Aloysius
1076,1238,ボームライマン・フランク,1856-05-15,1919-05-06,male,Chittenango,Baum,Lyman Frank
1077,1505,ポタービアトリクス,1866-07-28,1943-12-22,female,South Kensington,Potter,Beatrix
1078,2043,ホワイトフレッド・Ｍ,1859-00-00,1935-00-00,male,USA,White,Fred M
1079,1661,増田惟茂,1883-12-29,1933-08-06,male,愛媛県,Masuda,Koreshige
1080,167,町野修三,1943-11-18,2002-12-05,male,Japan,Machino,Shuzo
1081,2009,マッケナリチャード・ミルトン,1913-05-09,1964-11-01,male,England,McKenna,Richard Milton
1082,103,松平維秋,1946-00-00,1999-10,male,Mikawa Province,Matsudaira,Tadaaki
1083,2051,松本竣介,1912-04-19,1948-06-08,male,東京都,Matsumoto,Shunsuke
1084,1720,松本たかし,1906-01-05,1956-05-11,male,東京,Matsumoto,Takashi
1085,1844,ミーゼスルートヴィヒ・フォン,1881-09-29,1973-10-10,male,Lviv,Mises,Ludwig Heinrich Edler von
1086,1976,三木露風,1889-06-23,1964-12-29,male,龍野町,Miki,Rofu
1087,1997,三岸好太郎,1903-04-18,1934-07-01,male,北海道,Migishi,Kotaro
1088,1279,ミドルトンリチャード・バラム,1882-10-28,1911-12-01,male,,Middleton,Richard Barham
1089,1740,宮川典子,1979-04-05,2019-09-12,female,山梨市,Miyakawa,Fumiko
1090,1960,ミルンアラン・アレクザンダー,1882-01-18,1956-01-31,male,London,Milne,Alan Alexander
1091,1992,森律子,1890-10-30,1961-07-22,female,東京都,Mori,Ritsuko
1092,79,森野光,,,male,,Morino,Mitsuru
1093,1848,モンテーニュミシェル・エケム・ド,1533-02-28,1592-09-13,male,Saint-Michel-de-Montaigne,Montaigne,Michel Eyquem de
1094,198,山本洋,1956-00-00,,unknown,,Yamamoto,Hiroshi
1095,191,山本光夫,1959-00-00,,unknown,Japan,Yamamoto,Mitsuo
1096,2013,吉岡禅寺洞,1889-07-02,1961-03-17,male,福岡県,Yoshioka,Zenjido
1097,1699,ラヴクラフトハワード・フィリップス,1890-08-20,1937-03-15,male,Providence,Lovecraft,Howard Phillips
1098,336,ラティガンテレンス,1911-06-10,1977-11-30,male,London,Rattigan,Terence
1099,1239,ラングアンドルー,1844-03-31,1912-07-20,male,Selkirk,Lang,Andrew
1100,1688,リヴィングストン・ジュニアヘンリー,1748-10-13,1828-02-29,male,Poughkeepsie,"Livingston, Jr.",Henry
1101,339,ルターマルチン,1483-11-10,1546-02-18,male,Eisleben,Luther,Martin
1102,29,レイモンドエリック,1957-12-04,,male,Boston,Raymond,Eric
1103,1859,レ・ファニュジョゼフ・シェリダン,1814-08-28,1873-02-07,male,Dublin,Le Fanu,Joseph Sheridan
1104,2091,青木正児,1887-02-14,1964-12-02,male,Yamaguchi,青木,正児
1105,2132,芥川多加志,1922-11-08,1945-04-13,male,Tokyo,芥川,多加志
1106,2135,アポリネールギヨーム,1880-08-26,1918-11-09,male,Rome,アポリネール,ギヨーム
1107,1791,安藤盛,1893-08-18,1938-06-21,male,Japan,安藤,盛
1108,1601,李光洙,1892-03-05,1950-10-25,male,North Korea,李,光洙
1109,1653,李孝石,1907-02-23,1942-05-25,male,South Korea,李,孝石
1110,1953,飯田平作,1849,1940-12-01,male,Japan,飯田,平作
1111,2023,池田勇人,1899-12-03,1965-08-13,male,Hiroshima,池田,勇人
1112,1787,石川善助,1901-05-16,1932-06-27,male,Japan,石川,善助
1113,2049,五十公野清一,1902-02-26,1966-06-25,male,Yamagata,五十公野,清一
1114,2089,板谷波山,1872-04-10,1963-10-10,male,"Ibaraki, Japan",板谷,波山
1115,2199,稲生 武太夫,1735,1803,male,Japan,稲生 ,武太夫
1116,1271,上田秋成,1734-07-25,1809-08-08,male,Osaka,上田,秋成
1117,2168,鵜月洋,1918-11-29,1965-06-12,male,Chiba,鵜月,洋
1118,1998,大石誠之助,1867-11-29,1911-01-24,male,Wakayama,大石,誠之助
1119,1757,大田洋子,1906-11-18,1963-12-10,female,Hiroshima,大田,洋子
1120,2038,大谷正信,1875-03-22,1933-11-17,male,Shimane,大谷,正信
1121,456,大塚楠緒子,1875-08-09,1910-11-09,female,Tokyo,大塚,楠緒子
1122,2026,岡本良雄,1913-06-10,1963-02-06,male,Osaka,岡本,良雄
1123,2127,荻野吟子,1851-04-04,1913-06-23,female,Saitama,荻野,吟子
1124,483,乙骨三郎,1881-05-17,1934-09-19,male,Tokyo,乙骨,三郎
1125,2177,折口春洋,1907-2-28,1945-3-19,male,Japan,折口,春洋
1126,1467,柏原孝章,1835-05-06,1910-11-05,male,Japan,柏原,孝章
1127,2083,嘉納治五郎,1860-12-10,1938-05-04,male,Hyogo,嘉納,治五郎
1128,2231,カプアーナルイージ,1839-05-28,1915-11-29,male,Italy,カプアーナ,ルイージ
1129,1466,神田孝平,1830-10-31,1898-07-05,male,Iwate,神田,孝平
1130,2174,管野須賀子,1881-06-07,1911-01-25,female,Osaka,管野,須賀子
1131,2169,北村兼子,1903-11-26,1931-07-26,female,Osaka ,北村,兼子
1132,2088,木下夕爾,1914-10-27,1965-08-04,male,Okayama,木下,夕爾
1133,910,清沢洌,1890-02-08,1945-05-21,male,Nagano,清沢,洌
1134,254,九条武子,1887-10-20,1928-02-07,female,Kyoto,九条,武子
1135,2151,熊平武二,1906-07-10,1960-01-10,male,Hiroshima,熊平,武二
1136,2214,呉秀三,1865-04-14,1932-03-26,male,Edo,呉,秀三
1137,2200,畔柳二美,1912-01-14,1965-01-13,female,Chitose,畔柳,二美
1138,2238,吉田兼好,1283,1352,male,Kyoto,吉田,兼好
1139,2050,古賀春江,1895-06-18,1933-09-10,male,Kyushu,古賀,春江
1140,2048,小西茂也,1909-01-16,1955-04-21,male,Japan,小西,茂也
1141,1385,小林古径,1883-02-11,1957-04-03,male,Niigata,小林,古径
1142,1914,左川ちか,1911-02-14,1936-01-07,female,Hokkaido,左川,ちか
1143,587,志賀重昂,1863-12-25,1927-04-06,male,Aichi,志賀,重昂
1144,1512,柴田昌吉,1842-02-07,1901-10-08,male,Nagasaki,柴田,昌吉
1145,1508,清水卯三郎,1829-04-07,1910-01-20,male,Gunma,清水,卯三郎
1146,2237,杉浦正一郎,1911-02-09,1957-02-23,male,Hyogo,杉浦,正一郎
1147,1489,高田義一郎,1886-06-28,1945-06-14,male,Japan,高田,義一郎
1148,633,滝廉太郎,1879-08-24,1903-06-29,male,Tokyo,滝,廉太郎
1149,2092,滝沢敬一,1884-03-23,1965-02-26,male,Japan,滝沢,敬一
1150,1599,田辺元,1885-02-03,1962-04-29,male,Tokyo,田辺,元
1151,2165,津田梅子,1864-12-31,1929-8-16,female,Shinjuku,津田,梅子
1152,1509,津田仙,1837-08-06,1908-04-24,male,Chiba,津田,仙
1153,1991,東野辺薫,1902-03-09,1962-06-25,male,Japan,東野辺,薫
1154,1422,戸田豊子,1904-01,1956-04-11,female,Japan,戸田,豊子
1155,2152,長瀬金平,1885,1963,unknown,unknown,長瀬,金平
1156,2141,成瀬無極,1885-4-26,1958-1-4,male,Tokyo,成瀬,無極
1157,1490,額田六福,1890-10-02,1948-12-21,male,Japan,額田,六福
1158,2032,沼井鉄太郎,1898,1959-07-02,male,Japan,沼井,鉄太郎
1159,2136,ノアイユアンナ・ド,1876-11-15,1933-04-30,female,France,ノアイユ,アンナ・ド
1160,2217,畑中武夫,1914-01-01,1963-11-10,male,Wakayama,畑中,武夫
1161,1324,羽田亨,1882-05-15,1955-04-13,male,Kyoto,羽田,亨
1162,2093,浜本浩,1890-08-14,1959-03-12,male,Ehime,浜本,浩
1163,2148,原杞憂,1905-11-15,1951-03-13,male,Japan,原,杞憂
1164,1999,菱田春草,1874-09-21,1911-09-16,male,Nagano,菱田,春草
1165,2402,ファイルマンローズ,1877-03-06,1957-08-01,female,United Kingdom,ファイルマン,ローズ
1166,2086,藤原咲平,1884-10-29,1950-09-22,male,Nagano,藤原,咲平
1167,2144,前田多門,1884-05-11,1962-06-04,male,Osaka,前田,多門
1168,2085,間所紗織,1924-05-24,1966-01-31,female,Aichi,間所,紗織
1169,796,三角錫子,1872-05-26,1921-03-12,female,Japan,三角,錫子
1170,1510,箕作秋坪,1826-01-15,1886-12-03,male,Okayama,箕作,秋坪
1171,799,三富朽葉,1889-08-14,1917-08-02,male,Onga,三富,朽葉
1172,1748,武者金吉,1891-02-22,1962-11-07,male,Japan,武者,金吉
1173,2084,村崎敏郎,1904-07-23,1962-04-19,male,Japan,村崎,敏郎
1174,1808,村松梢風,1889-09-21,1961-02-13,male,Shizuoka,村松,梢風
1175,2154,ヤコブセンイエンス・ペーター,1847-04-07,1885-04-30,male,Denmark,ヤコブセン,イエンス・ペーター
1176,2123,安井曽太郎,1888-05-17,1955-12-14,male,Kyoto,安井,曽太郎
1177,1744,山川健次郎,1854-09-09,1931-06-26,male,Fukushima,山川,健次郎
1178,1459,山本鼎,1882-10-24,1946-10-08,male,Aichi,山本,鼎
1179,1513,山本笑月,1873-10-05,1936-05-10,male,Japan,山本,笑月
1180,1515,山本政喜,1899-04-20,1960-04-07,male,Japan,山本,政喜
1181,1858,山本和久三,1893,1932,male,Japan,山本,和久三
1182,2157,吉岡信敬,1885-09-01,1940-12-07,male,Japan,吉岡,信敬
1183,2245,和田信賢,1912-06-19,1952-08-14,male,Japan,和田,信賢
1184,2153,渡辺千吉郎,1869,1942,male,Japan,渡辺,千吉郎
